"","Year","Origin","percentDelayedFlights","percentTotalFlights","avgDelayTime","Origin2"
"1",2004,"ABE",0.855172413793103,0.0002175,6.69354838709677,"Other"
"2",2004,"ABI",0.850961538461538,0.000104,2.4406779661017,"Other"
"3",2004,"ABQ",0.567153011597456,0.0013365,13.5303430079156,"Other"
"4",2004,"ABY",0.630434782608696,4.6e-05,11.2241379310345,"Other"
"5",2004,"ACK",0.833333333333333,9e-06,31.8,"Other"
"6",2004,"ACT",0.759433962264151,0.000106,3.48447204968944,"Other"
"7",2004,"ACV",0.556291390728477,0.000151,14.6547619047619,"Other"
"8",2004,"ACY",0.814814814814815,4.05e-05,2.10606060606061,"Other"
"9",2004,"ADK",1,6.5e-06,34.6923076923077,"Other"
"10",2004,"ADQ",0.904761904761905,2.1e-05,9.78947368421053,"Other"
"11",2004,"AEX",0.836363636363636,0.00011,11.8695652173913,"Other"
"12",2004,"AGS",0.679180887372014,0.0001465,14.1557788944724,"Other"
"13",2004,"AKN",0.789473684210526,9.5e-06,13.8,"Other"
"14",2004,"ALB",0.792125984251968,0.000635,7.78926441351889,"Other"
"15",2004,"AMA",0.557404326123128,0.0003005,10.4835820895522,"Other"
"16",2004,"ANC",0.921674544226874,0.0007405,7.88058608058608,"Other"
"17",2004,"APF",0.727272727272727,5.5e-06,23.5,"Other"
"18",2004,"ATL",0.785482160571956,0.0146165,14.9502221060883,"Other"
"19",2004,"ATW",0.761006289308176,7.95e-05,7.07438016528926,"Other"
"20",2004,"AUS",0.65414364640884,0.0013575,9.84346846846847,"Other"
"21",2004,"AVL",0.681063122923588,0.0001505,12.8829268292683,"Other"
"22",2004,"AVP",0.742081447963801,0.0001105,10.8048780487805,"Other"
"23",2004,"AZO",0.789940828402367,0.000169,7.13483146067416,"Other"
"24",2004,"BDL",0.819967266775777,0.001222,6.54640718562874,"Other"
"25",2004,"BET",0.828571428571429,3.5e-05,14.2586206896552,"Other"
"26",2004,"BFL",0.533898305084746,0.000118,10.0634920634921,"Other"
"27",2004,"BGM",0.853211009174312,5.45e-05,-1.63440860215054,"Other"
"28",2004,"BGR",0.838120104438642,0.0001915,6.78504672897196,"Other"
"29",2004,"BHM",0.633272616879174,0.0008235,8.93672099712368,"Other"
"30",2004,"BIL",0.643835616438356,0.0001825,4.08085106382979,"Other"
"31",2004,"BIS",0.703703703703704,8.1e-05,0.149122807017544,"Other"
"32",2004,"BMI",0.847368421052632,9.5e-05,8.30434782608696,"Other"
"33",2004,"BNA",0.605170387779083,0.0021275,13.8159223300971,"Other"
"34",2004,"BOI",0.535714285714286,0.000546,14.4717948717949,"Other"
"35",2004,"BOS",0.885103181427343,0.004652,7.83108682452945,"Other"
"36",2004,"BPT",0.737967914438503,9.35e-05,2.92028985507246,"Other"
"37",2004,"BQK",0.648351648351648,4.55e-05,16.0338983050847,"Other"
"38",2004,"BQN",0.909090909090909,2.2e-05,7.375,"Other"
"39",2004,"BRO",0.915384615384615,6.5e-05,3.21008403361345,"Other"
"40",2004,"BRW",0.962962962962963,2.7e-05,8.11538461538461,"Other"
"41",2004,"BTM",0.469387755102041,4.9e-05,7.69565217391304,"Other"
"42",2004,"BTR",0.779439252336449,0.0002675,10.1558752997602,"Other"
"43",2004,"BTV",0.856401384083045,0.000289,6.65252525252525,"Other"
"44",2004,"BUF",0.780862667327714,0.0010085,10.8742857142857,"Other"
"45",2004,"BUR",0.478556485355649,0.000956,16.2043715846995,"Other"
"46",2004,"BWI",0.622490504612046,0.003686,12.9847461320549,"Other"
"47",2004,"BZN",0.626506024096386,0.000166,2.52403846153846,"Other"
"48",2004,"CAE",0.739846322722283,0.0004555,16.8516320474777,"Other"
"49",2004,"CAK",0.712918660287081,0.0003135,14.7897091722595,"Other"
"50",2004,"CDC",0.614035087719298,2.85e-05,9.28571428571429,"Other"
"51",2004,"CDV",0.911764705882353,1.7e-05,17.6451612903226,"Other"
"52",2004,"CEC",0.506666666666667,3.75e-05,6.34210526315789,"Other"
"53",2004,"CHA",0.715099715099715,0.0001755,13,"Other"
"54",2004,"CHO",0.789954337899543,0.0001095,4.64161849710983,"Other"
"55",2004,"CHS",0.807843137254902,0.00051,6.54368932038835,"Other"
"56",2004,"CIC",0.483870967741935,3.1e-05,2.96666666666667,"Other"
"57",2004,"CID",0.830663615560641,0.0002185,9.68044077134986,"Other"
"58",2004,"CKB",1,5e-07,8,"Other"
"59",2004,"CLD",0.492753623188406,6.9e-05,5.86764705882353,"Other"
"60",2004,"CLE",0.891294334408107,0.0032565,5.17037037037037,"Other"
"61",2004,"CLL",0.714285714285714,0.0001435,2.35609756097561,"Other"
"62",2004,"CLT",0.911616829849166,0.003779,6.87910014513788,"Other"
"63",2004,"CMH",0.831590335376848,0.0013865,8.06721595836947,"Other"
"64",2004,"CMI",0.863436123348018,0.0001135,3.82142857142857,"Other"
"65",2004,"COD",0.579710144927536,3.45e-05,2.125,"Other"
"66",2004,"COS",0.730242360379347,0.0004745,6.64502164502164,"Other"
"67",2004,"CPR",0.643776824034335,0.0001165,14.88,"Other"
"68",2004,"CRP",0.673841059602649,0.000302,6.66584766584767,"Other"
"69",2004,"CRW",0.817934782608696,0.000184,5.79401993355482,"Other"
"70",2004,"CSG",0.506410256410256,7.8e-05,13.253164556962,"Other"
"71",2004,"CVG",0.767241967392046,0.0073295,11.4287365519694,"Other"
"72",2004,"DAB",0.867383512544803,0.0001395,15.1322314049587,"Other"
"73",2004,"DAL",0.388509316770186,0.00161,22.7729816147082,"Other"
"74",2004,"DAY",0.873100983020554,0.0005595,6.99078812691914,"Other"
"75",2004,"DBQ",0.859154929577465,3.55e-05,-0.19672131147541,"Other"
"76",2004,"DCA",0.871305418719212,0.003248,4.78939929328622,"Other"
"77",2004,"DEN",0.857892797937005,0.005429,7.36360708534622,"Other"
"78",2004,"DFW",0.836184594842694,0.011983,9.82704590818363,"Other"
"79",2004,"DHN",0.571428571428571,7.35e-05,13.1428571428571,"Other"
"80",2004,"DLG",0.875,8e-06,17.6428571428571,"Other"
"81",2004,"DLH",0.96078431372549,5.1e-05,5.59183673469388,"Other"
"82",2004,"DRO",0.375,1.2e-05,17.2222222222222,"Other"
"83",2004,"DSM",0.825876662636034,0.0004135,7.9502196193265,"Other"
"84",2004,"DTW",0.889910050840829,0.005114,7.48582729070534,"Other"
"85",2004,"DUT",0.25,2e-06,37,"Other"
"86",2004,"EFD",0.901408450704225,3.55e-05,-6.109375,"Other"
"87",2004,"EGE",0.932584269662921,4.45e-05,12.2289156626506,"Other"
"88",2004,"EKO",0.596059113300493,0.0001015,10.6115702479339,"Other"
"89",2004,"ELP",0.507991660875608,0.0007195,12.8563611491108,"Other"
"90",2004,"ERI",0.905882352941176,4.25e-05,5.38961038961039,"Other"
"91",2004,"EUG",0.523287671232877,0.0001825,16.8429319371728,"Other"
"92",2004,"EVV",0.840425531914894,0.000188,7.94303797468354,"Other"
"93",2004,"EWR",0.9078357539896,0.005577,9.79202054118112,"Other"
"94",2004,"EYW",0.68,2.5e-05,27.3529411764706,"Other"
"95",2004,"FAI",0.950904392764858,0.0001935,6.15217391304348,"Other"
"96",2004,"FAR",0.810606060606061,0.000132,9.33177570093458,"Other"
"97",2004,"FAT",0.61340206185567,0.000485,12.418487394958,"Other"
"98",2004,"FAY",0.625,6e-05,15.7466666666667,"Other"
"99",2004,"FCA",0.552301255230126,0.0001195,5.36363636363636,"Other"
"100",2004,"FLL",0.79530779164873,0.002323,9.50663058186739,"Other"
"101",2004,"FLO",0.672413793103448,2.9e-05,15.0769230769231,"Other"
"102",2004,"FNT",0.800420168067227,0.000238,7.5748031496063,"Other"
"103",2004,"FSD",0.785714285714286,0.000189,10.2121212121212,"Other"
"104",2004,"FSM",0.925373134328358,6.7e-05,4.2741935483871,"Other"
"105",2004,"FWA",0.791666666666667,0.000252,9.18796992481203,"Other"
"106",2004,"GEG",0.624874623871615,0.0004985,11.5361155698234,"Other"
"107",2004,"GFK",0.907407407407407,2.7e-05,-1,"Other"
"108",2004,"GGG",0.9375,4e-05,-2.2,"Other"
"109",2004,"GJT",0.550200803212851,0.0001245,8.4963503649635,"Other"
"110",2004,"GNV",0.43312101910828,7.85e-05,23.3823529411765,"Other"
"111",2004,"GPT",0.798611111111111,0.000216,6.59420289855072,"Other"
"112",2004,"GRB",0.849514563106796,0.000206,5.84,"Other"
"113",2004,"GRK",0.897727272727273,8.8e-05,8.22151898734177,"Other"
"114",2004,"GRR",0.881086142322097,0.000534,8.04569606801275,"Other"
"115",2004,"GSO",0.825431034482759,0.000696,6.59268929503916,"Other"
"116",2004,"GSP",0.839805825242718,0.000515,8.99768786127168,"Other"
"117",2004,"GST",1,2e-06,-8.5,"Other"
"118",2004,"GTF",0.637450199203187,0.0001255,-0.86875,"Other"
"119",2004,"GTR",0.5,5.2e-05,22.8076923076923,"Other"
"120",2004,"GUC",1,1e-05,-8.8,"Other"
"121",2004,"HDN",0.924528301886792,2.65e-05,2.91836734693878,"Other"
"122",2004,"HLN",0.64,1e-04,2.4140625,"Other"
"123",2004,"HNL",0.942616372391653,0.001246,0.272030651340996,"Other"
"124",2004,"HOU",0.452725518572118,0.002073,24.4768247202983,"Other"
"125",2004,"HPN",0.786912751677852,0.000298,12.8827292110874,"Other"
"126",2004,"HRL",0.498687664041995,0.0001905,13.8947368421053,"Other"
"127",2004,"HSV",0.789667896678967,0.0004065,9.19626168224299,"Other"
"128",2004,"HTS",0.8,3.75e-05,4.41666666666667,"Other"
"129",2004,"HVN",0.666666666666667,2.7e-05,18.0833333333333,"Other"
"130",2004,"IAD",0.889225443530939,0.004622,9.16082725060827,"Other"
"131",2004,"IAH",0.887016990465266,0.0069745,5.80982785096581,"Other"
"132",2004,"ICT",0.773097826086957,0.000368,11.5992970123023,"Other"
"133",2004,"IDA",0.497674418604651,0.0001075,7.90654205607477,"Other"
"134",2004,"ILE",0.758620689655172,0.0001015,3.06493506493507,"Other"
"135",2004,"ILM",0.779661016949153,0.000118,8.38586956521739,"Other"
"136",2004,"IND",0.835242587601078,0.001484,6.9717628075837,"Other"
"137",2004,"IPL",0.653061224489796,2.45e-05,9.8125,"Other"
"138",2004,"ISP",0.466827503015682,0.0004145,16.5917312661499,"Other"
"139",2004,"ITO",0.947089947089947,9.45e-05,-2.36871508379888,"Other"
"140",2004,"IYK",0.5,3.4e-05,19.0294117647059,"Other"
"141",2004,"JAC",0.66044776119403,0.000134,12.361581920904,"Other"
"142",2004,"JAN",0.645734597156398,0.000422,11.1577981651376,"Other"
"143",2004,"JAX",0.71142578125,0.001024,10.2161976664379,"Other"
"144",2004,"JFK",0.873496727051302,0.0032845,9.71017776228651,"Other"
"145",2004,"JNU",0.939873417721519,0.000158,13.0774410774411,"Other"
"146",2004,"KOA",0.965141612200436,0.0002295,1.5079006772009,"Other"
"147",2004,"KTN",0.982857142857143,8.75e-05,15.1744186046512,"Other"
"148",2004,"LAN",0.870748299319728,0.0002205,4.28385416666667,"Other"
"149",2004,"LAS",0.721471738357625,0.005626,13.8447893569845,"Other"
"150",2004,"LAW",0.933823529411765,6.8e-05,2.03149606299213,"Other"
"151",2004,"LAX",0.752452324377018,0.0082065,7.94785425101215,"Other"
"152",2004,"LBB",0.547169811320755,0.000318,13.6235632183908,"Other"
"153",2004,"LCH",0.931372549019608,5.1e-05,1.30526315789474,"Other"
"154",2004,"LEX",0.728275862068966,0.0003625,12.7537878787879,"Other"
"155",2004,"LFT",0.767441860465116,0.000129,6.24242424242424,"Other"
"156",2004,"LGA",0.855957517424494,0.0045195,7.51479901770712,"Other"
"157",2004,"LGB",0.911300121506683,0.0004115,2.13733333333333,"Other"
"158",2004,"LIH",0.958984375,0.000256,-2.12219959266802,"Other"
"159",2004,"LIT",0.668868703550784,0.0006055,10.4543209876543,"Other"
"160",2004,"LNK",0.664516129032258,7.75e-05,16.3203883495146,"Other"
"161",2004,"LNY",0.866666666666667,7.5e-06,-4.07692307692308,"Other"
"162",2004,"LRD",0.927272727272727,8.25e-05,6.1437908496732,"Other"
"163",2004,"LSE",0.956521739130435,4.6e-05,4.54545454545455,"Other"
"164",2004,"LWB",0.818181818181818,5.5e-06,13.4444444444444,"Other"
"165",2004,"LYH",0.680555555555556,3.6e-05,4.02040816326531,"Other"
"166",2004,"MAF",0.543554006968641,0.000287,11.5705128205128,"Other"
"167",2004,"MBS",0.890070921985816,0.000141,0.442231075697211,"Other"
"168",2004,"MCI",0.667302192564347,0.002098,10.3875,"Other"
"169",2004,"MCN",0.715686274509804,5.1e-05,13.972602739726,"Other"
"170",2004,"MCO",0.756421840712534,0.0038735,10.5841296928328,"Other"
"171",2004,"MDT",0.845466155810983,0.0003915,10.3534743202417,"Other"
"172",2004,"MDW",0.646088595664468,0.003183,16.4125942134695,"Other"
"173",2004,"MEI",0.743243243243243,3.7e-05,17.5818181818182,"Other"
"174",2004,"MEM",0.864487369985141,0.0016825,7.18769336541767,"Other"
"175",2004,"MFE",0.950226244343891,0.0001105,12.1190476190476,"Other"
"176",2004,"MFR",0.490506329113924,0.000158,14.5096774193548,"Other"
"177",2004,"MGM",0.660287081339713,0.0001045,19.3333333333333,"Other"
"178",2004,"MHT",0.66566265060241,0.00083,8.22171945701357,"Other"
"179",2004,"MIA",0.907501659659217,0.0022595,10.8585710802243,"Other"
"180",2004,"MKE",0.901155327342747,0.000779,4.98290598290598,"Other"
"181",2004,"MKK",0.846153846153846,6.5e-06,-4,"Other"
"182",2004,"MLB",0.748663101604278,9.35e-05,12.0571428571429,"Other"
"183",2004,"MLI",0.821917808219178,0.000146,9.12083333333333,"Other"
"184",2004,"MLU",0.587548638132296,0.0001285,12.953642384106,"Other"
"185",2004,"MOB",0.8,0.000175,7.93214285714286,"Other"
"186",2004,"MOD",0.538461538461538,4.55e-05,20.5510204081633,"Other"
"187",2004,"MOT",0.951219512195122,4.1e-05,-1.58974358974359,"Other"
"188",2004,"MQT",0.949152542372881,2.95e-05,-1.58928571428571,"Other"
"189",2004,"MRY",0.618860510805501,0.0002545,6.14285714285714,"Other"
"190",2004,"MSN",0.894060995184591,0.0003115,7.8689407540395,"Other"
"191",2004,"MSO",0.586885245901639,0.0001525,1.49720670391061,"Other"
"192",2004,"MSP",0.918250405882915,0.0052355,5.6148725949038,"Other"
"193",2004,"MSY",0.694803481930889,0.0018955,10.0432801822323,"MSY"
"194",2004,"MTJ",0.57396449704142,8.45e-05,3.87628865979381,"Other"
"195",2004,"MYR",0.758364312267658,0.000269,5.82352941176471,"Other"
"196",2004,"OAK",0.577157980456026,0.002456,12.4063492063492,"Other"
"197",2004,"OGG",0.948,5e-04,-1.18987341772152,"Other"
"198",2004,"OKC",0.665152498377677,0.0007705,9.74634146341463,"Other"
"199",2004,"OMA",0.758075148319051,0.0007585,9.48869565217391,"Other"
"200",2004,"OME",0.9,4e-05,12.1944444444444,"Other"
"201",2004,"ONT",0.550863723608445,0.0013025,11.3756097560976,"Other"
"202",2004,"ORD",0.884327933533139,0.0131795,15.4644358644359,"Other"
"203",2004,"ORF",0.784156142365098,0.000871,11.4150805270864,"Other"
"204",2004,"OTZ",0.852459016393443,3.05e-05,17.4615384615385,"Other"
"205",2004,"OXR",0.529850746268657,6.7e-05,4.15492957746479,"Other"
"206",2004,"PBI",0.814389989572471,0.000959,6.22727272727273,"Other"
"207",2004,"PDX",0.724241664577588,0.0019945,7.04915195569401,"Other"
"208",2004,"PFN",0.601941747572815,0.000103,17.3145161290323,"Other"
"209",2004,"PHF",0.776923076923077,0.000195,16.0858085808581,"Other"
"210",2004,"PHL",0.870749094308753,0.0042785,14.9566501140786,"Other"
"211",2004,"PHX",0.718101138647019,0.005972,12.5683805526408,"Other"
"212",2004,"PIA",0.807407407407407,0.000135,13.0504587155963,"Other"
"213",2004,"PIE",0.973333333333333,7.5e-05,2.71232876712329,"Other"
"214",2004,"PIH",0.503703703703704,6.75e-05,18.1323529411765,"Other"
"215",2004,"PIT",0.904579291676066,0.0022165,7.91172069825436,"Other"
"216",2004,"PNS",0.842829076620825,0.0002545,12.0932400932401,"Other"
"217",2004,"PSC",0.464285714285714,0.000154,11.9230769230769,"Other"
"218",2004,"PSG",0.905660377358491,2.65e-05,15.5208333333333,"Other"
"219",2004,"PSP",0.76605504587156,0.000436,8.43562874251497,"Other"
"220",2004,"PVD",0.700325732899023,0.0010745,9.49435215946844,"Other"
"221",2004,"PWM",0.830110497237569,0.000362,13.9983361064892,"Other"
"222",2004,"RAP",0.612698412698413,0.0001575,3.86528497409326,"Other"
"223",2004,"RDD",0.492647058823529,6.8e-05,22.6417910447761,"Other"
"224",2004,"RDM",0.57396449704142,8.45e-05,10.7010309278351,"Other"
"225",2004,"RDU",0.808809963099631,0.002168,9.7564870259481,"Other"
"226",2004,"RIC",0.876623376623377,0.000616,6.03333333333333,"Other"
"227",2004,"RNO",0.567198177676538,0.0010975,14.3325301204819,"Other"
"228",2004,"ROA",0.735119047619048,0.000168,10.9716599190283,"Other"
"229",2004,"ROC",0.877611940298507,0.00067,10.0901360544218,"Other"
"230",2004,"RST",0.936170212765957,7.05e-05,7.18181818181818,"Other"
"231",2004,"RSW",0.921212121212121,0.0007425,5.20394736842105,"Other"
"232",2004,"SAN",0.717348284960422,0.003032,7.9935632183908,"Other"
"233",2004,"SAT",0.620192307692308,0.001352,11.6511627906977,"Other"
"234",2004,"SAV",0.769759450171821,0.0004365,11.0252976190476,"Other"
"235",2004,"SBA",0.660424469413233,0.0004005,4.94896030245747,"Other"
"236",2004,"SBN",0.688622754491018,0.000167,17.1869565217391,"Other"
"237",2004,"SBP",0.699029126213592,0.000206,8.60763888888889,"Other"
"238",2004,"SCC",0.869565217391304,1.15e-05,-4.9,"Other"
"239",2004,"SCE",0.892561983471074,6.05e-05,1.9537037037037,"Other"
"240",2004,"SDF",0.70532319391635,0.000789,12.5229110512129,"Other"
"241",2004,"SEA",0.842715445059899,0.0038815,10.5993579944971,"Other"
"242",2004,"SFO",0.823561703996487,0.004554,6.58765497933609,"Other"
"243",2004,"SGF",0.835766423357664,0.000274,11.1637554585153,"Other"
"244",2004,"SGU",0.709876543209877,8.1e-05,15.4869565217391,"Other"
"245",2004,"SHV",0.810810810810811,0.0003145,8.69019607843137,"Other"
"246",2004,"SIT",0.978021978021978,4.55e-05,3.65168539325843,"Other"
"247",2004,"SJC",0.671165092217724,0.002223,10.5107238605898,"Other"
"248",2004,"SJT",0.781420765027322,9.15e-05,1.22377622377622,"Other"
"249",2004,"SJU",0.921377183967112,0.000973,6.0462911321807,"Other"
"250",2004,"SLC",0.633523305515978,0.004913,8.68433734939759,"Other"
"251",2004,"SMF",0.61150234741784,0.001704,13.9208253358925,"Other"
"252",2004,"SMX",0.483660130718954,7.65e-05,2.87837837837838,"Other"
"253",2004,"SNA",0.771690849866746,0.0016885,5.93092862624712,"Other"
"254",2004,"SPS",0.919254658385093,8.05e-05,4.04054054054054,"Other"
"255",2004,"SRQ",0.839130434782609,0.00023,4.78238341968912,"Other"
"256",2004,"STL",0.711062590975255,0.002061,9.8604571818492,"Other"
"257",2004,"STT",0.921296296296296,0.000108,2.30653266331658,"Other"
"258",2004,"STX",0.916666666666667,1.2e-05,4.09090909090909,"Other"
"259",2004,"SUN",0.504587155963303,0.000109,0.918181818181818,"Other"
"260",2004,"SWF",0.823529411764706,0.0001105,5.98901098901099,"Other"
"261",2004,"SYR",0.86003861003861,0.000518,8.71156004489338,"Other"
"262",2004,"TLH",0.783163265306122,0.000196,8.4071661237785,"Other"
"263",2004,"TOL",0.824,0.0001875,5.84789644012945,"Other"
"264",2004,"TPA",0.726758286176233,0.002474,8.94438264738598,"Other"
"265",2004,"TRI",0.669354838709677,0.000124,13.3132530120482,"Other"
"266",2004,"TUL",0.648097826086957,0.000736,11.9737945492662,"Other"
"267",2004,"TUS",0.629690048939641,0.000613,8.53626943005181,"Other"
"268",2004,"TVC",0.871428571428571,0.000105,9.97267759562842,"Other"
"269",2004,"TWF",0.598639455782313,7.35e-05,11.5454545454545,"Other"
"270",2004,"TXK",0.694444444444444,7.2e-05,-2.84,"Other"
"271",2004,"TYR",0.764705882352941,0.000136,1.43269230769231,"Other"
"272",2004,"TYS",0.790769230769231,0.0004875,7.84954604409857,"Other"
"273",2004,"VCT",0.461538461538462,3.25e-05,0.7,"Other"
"274",2004,"VIS",0.357142857142857,2.1e-05,2.8,"Other"
"275",2004,"VLD",0.454545454545455,4.95e-05,13.2666666666667,"Other"
"276",2004,"VPS",0.781902552204176,0.0002155,8.21661721068249,"Other"
"277",2004,"WRG",0.883720930232558,2.15e-05,4.47368421052632,"Other"
"278",2004,"WYS",0.588235294117647,8.5e-06,0.6,"Other"
"279",2004,"XNA",0.770581778265642,0.0004555,10.5498575498575,"Other"
"280",2004,"YAK",0.974358974358974,1.95e-05,4.86842105263158,"Other"
"281",2004,"YUM",0.505747126436782,4.35e-05,7.34090909090909,"Other"
"282",2005,"ABE",0.722741433021807,0.0001605,5.875,"Other"
"283",2005,"ABI",0.902564102564103,9.75e-05,3.56818181818182,"Other"
"284",2005,"ABQ",0.609883938599775,0.0013355,9.70718232044199,"Other"
"285",2005,"ABY",0.555555555555556,4.05e-05,12.5333333333333,"Other"
"286",2005,"ACK",0.863636363636364,1.1e-05,22.2105263157895,"Other"
"287",2005,"ACT",0.933333333333333,0.000105,-0.204081632653061,"Other"
"288",2005,"ACV",0.898496240601504,0.000133,6.45606694560669,"Other"
"289",2005,"ACY",0.765625,3.2e-05,0.306122448979592,"Other"
"290",2005,"ADK",0.916666666666667,6e-06,13.7272727272727,"Other"
"291",2005,"ADQ",0.893617021276596,2.35e-05,5.04761904761905,"Other"
"292",2005,"AEX",0.867403314917127,9.05e-05,6.05732484076433,"Other"
"293",2005,"AGS",0.63125,8e-05,25.3465346534653,"Other"
"294",2005,"AKN",0.933333333333333,1.5e-05,50.25,"Other"
"295",2005,"ALB",0.780952380952381,0.00063,9.6900406504065,"Other"
"296",2005,"AMA",0.609009009009009,0.0002775,7.21005917159763,"Other"
"297",2005,"ANC",0.940766550522648,0.0007175,10.037037037037,"Other"
"298",2005,"APF",0.604651162790698,4.3e-05,6.26923076923077,"Other"
"299",2005,"ATL",0.810295270446825,0.015308,16.6493872944212,"Other"
"300",2005,"ATW",0.727272727272727,8.25e-05,10.6416666666667,"Other"
"301",2005,"AUS",0.656186612576065,0.001479,9.86604842864503,"Other"
"302",2005,"AVL",0.688888888888889,0.0001575,19.8018433179723,"Other"
"303",2005,"AVP",0.682795698924731,9.3e-05,24.5275590551181,"Other"
"304",2005,"AZO",0.801369863013699,0.000146,4.53418803418803,"Other"
"305",2005,"BDL",0.783528522856063,0.0013235,9.47396335583414,"Other"
"306",2005,"BET",0.921052631578947,3.8e-05,15.9,"Other"
"307",2005,"BFL",0.916967509025271,0.0001385,6.99212598425197,"Other"
"308",2005,"BGM",0.757142857142857,3.5e-05,2.66037735849057,"Other"
"309",2005,"BGR",0.864705882352941,0.00017,7.38775510204082,"Other"
"310",2005,"BHM",0.641237113402062,0.0007275,10.1747052518757,"Other"
"311",2005,"BIL",0.899509803921569,0.000204,6.35422343324251,"Other"
"312",2005,"BIS",0.949720670391061,8.95e-05,-2.88823529411765,"Other"
"313",2005,"BMI",0.791666666666667,8.4e-05,11.5413533834586,"Other"
"314",2005,"BNA",0.622828185328185,0.002072,13.8260364199923,"Other"
"315",2005,"BOI",0.646853146853147,0.000572,9.42432432432432,"Other"
"316",2005,"BOS",0.873546511627907,0.004472,10.1247920133111,"Other"
"317",2005,"BPT",0.818181818181818,4.4e-05,4.40277777777778,"Other"
"318",2005,"BQK",0.761904761904762,4.2e-05,16.703125,"Other"
"319",2005,"BQN",0.893939393939394,3.3e-05,5.57627118644068,"Other"
"320",2005,"BRO",0.9,6e-05,1.32407407407407,"Other"
"321",2005,"BRW",0.865384615384615,2.6e-05,14.1111111111111,"Other"
"322",2005,"BTM",0.777777777777778,4.5e-05,2.78571428571429,"Other"
"323",2005,"BTR",0.851739788199697,0.0003305,13.8703374777975,"Other"
"324",2005,"BTV",0.862809917355372,0.0003025,7.15325670498084,"Other"
"325",2005,"BUF",0.79328716036228,0.0009385,9.9415715245131,"Other"
"326",2005,"BUR",0.518377088305489,0.0010475,13.9852670349908,"Other"
"327",2005,"BWI",0.629287598944591,0.00379,15.2949685534591,"Other"
"328",2005,"BZN",0.89920424403183,0.0001885,2.84955752212389,"Other"
"329",2005,"CAE",0.740786240786241,0.000407,15.273631840796,"Other"
"330",2005,"CAK",0.697443181818182,0.000352,13.0142566191446,"Other"
"331",2005,"CDC",0.9375,3.2e-05,-0.433333333333333,"Other"
"332",2005,"CDV",0.948275862068966,2.9e-05,5.96363636363636,"Other"
"333",2005,"CEC",0.746031746031746,3.15e-05,7.87234042553191,"Other"
"334",2005,"CHA",0.647230320699708,0.0001715,11.963963963964,"Other"
"335",2005,"CHO",0.648854961832061,6.55e-05,1.65882352941176,"Other"
"336",2005,"CHS",0.833,5e-04,7.41296518607443,"Other"
"337",2005,"CIC",0.924528301886792,2.65e-05,7.44897959183673,"Other"
"338",2005,"CID",0.872427983539095,0.000243,3.93632075471698,"Other"
"339",2005,"CLD",0.813664596273292,8.05e-05,2.7175572519084,"Other"
"340",2005,"CLE",0.868204549120826,0.0030995,6.72723894463025,"Other"
"341",2005,"CLL",0.920168067226891,0.000119,-1.23287671232877,"Other"
"342",2005,"CLT",0.899104254789749,0.004019,10.143904801439,"Other"
"343",2005,"CMH",0.789770590447537,0.0013295,7.91190476190476,"Other"
"344",2005,"CMI",0.861660079051383,0.0001265,4.61009174311927,"Other"
"345",2005,"COD",0.975308641975309,4.05e-05,1.51898734177215,"Other"
"346",2005,"COS",0.884115884115884,0.0005005,6.62824858757062,"Other"
"347",2005,"CPR",0.888888888888889,0.0001305,6.2198275862069,"Other"
"348",2005,"CRP",0.761904761904762,0.0003255,5.96975806451613,"Other"
"349",2005,"CRW",0.783707865168539,0.000178,5.39784946236559,"Other"
"350",2005,"CSG",0.461538461538462,6.5e-05,21.1,"Other"
"351",2005,"CVG",0.728923035082948,0.007354,7.97957280104468,"Other"
"352",2005,"CWA",0.916666666666667,6e-06,1.72727272727273,"Other"
"353",2005,"DAB",0.841698841698842,0.0001295,18.1009174311927,"Other"
"354",2005,"DAL",0.388093689004554,0.001537,19.4098910310143,"Other"
"355",2005,"DAY",0.859026369168357,0.000493,9.24557260920897,"Other"
"356",2005,"DBQ",0.927710843373494,4.15e-05,8.80519480519481,"Other"
"357",2005,"DCA",0.892930963207937,0.0036285,7.62006172839506,"Other"
"358",2005,"DEN",0.903874755381605,0.0063875,8.68961635056725,"Other"
"359",2005,"DFW",0.901435010578604,0.010871,9.57411092402674,"Other"
"360",2005,"DHN",0.610687022900763,6.55e-05,16.3125,"Other"
"361",2005,"DLG",1,3.5e-06,9.85714285714286,"Other"
"362",2005,"DLH",0.888888888888889,3.6e-05,3.09375,"Other"
"363",2005,"DRO",0.867924528301887,2.65e-05,3.56521739130435,"Other"
"364",2005,"DSM",0.836601307189543,0.0003825,8.0171875,"Other"
"365",2005,"DTW",0.889766233766234,0.0048125,11.4548108360579,"Other"
"366",2005,"EGE",0.96875,4.8e-05,17.7634408602151,"Other"
"367",2005,"EKO",0.861788617886179,6.15e-05,-0.726415094339623,"Other"
"368",2005,"ELP",0.57125077784692,0.0008035,8.14052287581699,"Other"
"369",2005,"ERI",0.697674418604651,4.3e-05,6.36666666666667,"Other"
"370",2005,"EUG",0.864661654135338,0.0001995,8.76811594202899,"Other"
"371",2005,"EVV",0.790361445783132,0.0002075,6.03353658536585,"Other"
"372",2005,"EWR",0.901391686504303,0.005461,13.3822244794312,"Other"
"373",2005,"EYW",0.671428571428571,3.5e-05,27.1914893617021,"Other"
"374",2005,"FAI",0.944148936170213,0.000188,9.01408450704225,"Other"
"375",2005,"FAR",0.923875432525952,0.0001445,0.415730337078652,"Other"
"376",2005,"FAT",0.902,5e-04,4.79933481152993,"Other"
"377",2005,"FAY",0.607594936708861,3.95e-05,13.1458333333333,"Other"
"378",2005,"FCA",0.907692307692308,0.00013,0.427966101694915,"Other"
"379",2005,"FLL",0.81144024514811,0.0024475,13.5339879154079,"Other"
"380",2005,"FLO",0.594936708860759,3.95e-05,12.8510638297872,"Other"
"381",2005,"FNT",0.815533980582524,0.0002575,7.7047619047619,"Other"
"382",2005,"FSD",0.87536231884058,0.0001725,3.35430463576159,"Other"
"383",2005,"FSM",0.904458598726115,7.85e-05,9.58450704225352,"Other"
"384",2005,"FWA",0.832558139534884,0.000215,6.50558659217877,"Other"
"385",2005,"GEG",0.717896865520728,0.0004945,5.91971830985915,"Other"
"386",2005,"GFK",0.938775510204082,2.45e-05,7.47826086956522,"Other"
"387",2005,"GGG",0.938271604938272,4.05e-05,-2.34210526315789,"Other"
"388",2005,"GJT",0.921428571428571,0.00014,10.3682170542636,"Other"
"389",2005,"GNV",0.630434782608696,6.9e-05,21.8735632183908,"Other"
"390",2005,"GPT",0.750656167979003,0.0001905,9.83566433566433,"Other"
"391",2005,"GRB",0.897379912663755,0.000229,6.40632603406326,"Other"
"392",2005,"GRK",0.924870466321243,0.000193,5.26330532212885,"Other"
"393",2005,"GRR",0.883190883190883,0.0005265,7.80860215053763,"Other"
"394",2005,"GSO",0.82307092751364,0.0006415,7.57386363636364,"Other"
"395",2005,"GSP",0.80952380952381,0.000462,6.03475935828877,"Other"
"396",2005,"GST",1,5e-07,48,"Other"
"397",2005,"GTF",0.942567567567568,0.000148,1.08602150537634,"Other"
"398",2005,"GTR",0.568421052631579,4.75e-05,39.5,"Other"
"399",2005,"GUC",1,8.5e-06,5.41176470588235,"Other"
"400",2005,"HDN",0.958333333333333,3.6e-05,-0.260869565217391,"Other"
"401",2005,"HKY",0.555555555555556,1.8e-05,32.9,"Other"
"402",2005,"HLN",0.877005347593583,9.35e-05,-2.84756097560976,"Other"
"403",2005,"HNL",0.952075471698113,0.001325,1.15695600475624,"Other"
"404",2005,"HOU",0.451090953665114,0.0020395,24.358152173913,"Other"
"405",2005,"HPN",0.822727272727273,0.00022,13.9171270718232,"Other"
"406",2005,"HRL",0.490243902439024,0.000205,14.4726368159204,"Other"
"407",2005,"HSV",0.822323462414579,0.000439,8.02493074792244,"Other"
"408",2005,"HTS",0.733333333333333,4.5e-05,-1.37878787878788,"Other"
"409",2005,"HVN",0.617647058823529,3.4e-05,-0.142857142857143,"Other"
"410",2005,"IAD",0.875251986244516,0.0042165,9.63297656144154,"Other"
"411",2005,"IAH",0.898438023731313,0.0074585,6.59797045217132,"Other"
"412",2005,"ICT",0.831168831168831,0.000385,7.575,"Other"
"413",2005,"IDA",0.851528384279476,0.0001145,0.338461538461538,"Other"
"414",2005,"ILM",0.80565371024735,0.0001415,9.92982456140351,"Other"
"415",2005,"IND",0.821119253830779,0.001501,7.29492900608519,"Other"
"416",2005,"IPL",0.870967741935484,3.1e-05,-2.66666666666667,"Other"
"417",2005,"ISO",0.576923076923077,2.6e-05,25.4333333333333,"Other"
"418",2005,"ISP",0.338870431893688,0.0004515,27.7091503267974,"Other"
"419",2005,"ITO",0.971428571428571,0.000105,-3.22549019607843,"Other"
"420",2005,"IYK",0.939759036144578,4.15e-05,-2.41025641025641,"Other"
"421",2005,"JAC",0.918032786885246,0.000122,7.0625,"Other"
"422",2005,"JAN",0.675512665862485,0.0004145,9.3625,"Other"
"423",2005,"JAX",0.702549575070821,0.001059,12.1532258064516,"Other"
"424",2005,"JFK",0.862559241706161,0.003587,11.9474789915966,"Other"
"425",2005,"JNU",0.948571428571429,0.000175,18.1024096385542,"Other"
"426",2005,"KOA",0.965863453815261,0.000249,-1.02702702702703,"Other"
"427",2005,"KTN",0.945273631840796,0.0001005,16.8842105263158,"Other"
"428",2005,"LAN",0.845878136200717,0.0001395,4.74576271186441,"Other"
"429",2005,"LAS",0.74173659873266,0.005839,14.0648810898176,"Other"
"430",2005,"LAW",0.925925925925926,8.1e-05,-0.26,"Other"
"431",2005,"LAX",0.815246358847227,0.0080675,7.98084232932948,"Other"
"432",2005,"LBB",0.584415584415584,0.000308,10.2583333333333,"Other"
"433",2005,"LCH",0.839080459770115,4.35e-05,3.63013698630137,"Other"
"434",2005,"LEX",0.85693215339233,0.000339,3.8209982788296,"Other"
"435",2005,"LFT",0.817567567567568,0.000148,4.37190082644628,"Other"
"436",2005,"LGA",0.864520382375563,0.0045505,10.1166751398068,"Other"
"437",2005,"LGB",0.913207547169811,0.0003975,3.12396694214876,"Other"
"438",2005,"LIH",0.963946869070209,0.0002635,0.143700787401575,"Other"
"439",2005,"LIT",0.700522778192681,0.0006695,11.9179104477612,"Other"
"440",2005,"LNK",0.936619718309859,7.1e-05,5.80451127819549,"Other"
"441",2005,"LRD",0.91705069124424,0.0001085,3.34673366834171,"Other"
"442",2005,"LSE",0.873949579831933,5.95e-05,1.77884615384615,"Other"
"443",2005,"LWB",0.625,4e-06,1.2,"Other"
"444",2005,"LWS",0.836363636363636,2.75e-05,-0.630434782608696,"Other"
"445",2005,"LYH",0.591549295774648,3.55e-05,14.1904761904762,"Other"
"446",2005,"MAF",0.537769784172662,0.000278,8.79598662207358,"Other"
"447",2005,"MBS",0.946078431372549,0.000102,3.58549222797927,"Other"
"448",2005,"MCI",0.704383282364934,0.001962,11.0184515195369,"Other"
"449",2005,"MCN",0.575342465753425,3.65e-05,14.2619047619048,"Other"
"450",2005,"MCO",0.767207949587979,0.004126,10.7651239930501,"Other"
"451",2005,"MDT",0.793650793650794,0.000252,7.9675,"Other"
"452",2005,"MDW",0.578041914294651,0.003197,17.2324134199134,"Other"
"453",2005,"MEI",0.56989247311828,4.65e-05,34.9433962264151,"Other"
"454",2005,"MEM",0.886585365853659,0.00164,7.51650618982118,"Other"
"455",2005,"MFE",0.954545454545455,0.000121,5.66233766233766,"Other"
"456",2005,"MFR",0.87431693989071,0.000183,7.634375,"Other"
"457",2005,"MGM",0.703252032520325,0.000123,15.4913294797688,"Other"
"458",2005,"MHT",0.635482030804335,0.0008765,11.0987432675045,"Other"
"459",2005,"MIA",0.896483948460363,0.0022895,13.5442143727162,"Other"
"460",2005,"MKE",0.895302013422819,0.000745,7.61619190404798,"Other"
"461",2005,"MLB",0.784615384615385,0.00013,11.9117647058824,"Other"
"462",2005,"MLI",0.831932773109244,0.0001785,5.74747474747475,"Other"
"463",2005,"MLU",0.709459459459459,7.4e-05,8.06666666666667,"Other"
"464",2005,"MOB",0.771043771043771,0.0001485,8.06113537117904,"Other"
"465",2005,"MOD",0.844444444444444,4.5e-05,5.47368421052632,"Other"
"466",2005,"MOT",0.957142857142857,3.5e-05,-2.85074626865672,"Other"
"467",2005,"MQT",0.950819672131147,3.05e-05,5.82758620689655,"Other"
"468",2005,"MRY",0.917322834645669,0.000254,5.20600858369099,"Other"
"469",2005,"MSN",0.907303370786517,0.000356,6.97213622291022,"Other"
"470",2005,"MSO",0.874213836477987,0.000159,1.2410071942446,"Other"
"471",2005,"MSP",0.913740698040038,0.0047705,10.029593943565,"Other"
"472",2005,"MSY",0.721054506590666,0.0014035,11.5879446640316,"MSY"
"473",2005,"MTJ",0.946524064171123,9.35e-05,1.10169491525424,"Other"
"474",2005,"MYR",0.750980392156863,0.000255,7.80417754569191,"Other"
"475",2005,"OAK",0.599357042395017,0.0024885,14.6510224606101,"Other"
"476",2005,"OGG",0.944444444444444,0.000486,3.22875816993464,"Other"
"477",2005,"OKC",0.684540389972145,0.000718,7.73041709053917,"Other"
"478",2005,"OMA",0.740196078431373,0.000816,9.54056291390729,"Other"
"479",2005,"OME",0.88,3.75e-05,11.9090909090909,"Other"
"480",2005,"ONT",0.598834789846026,0.0012015,11.6441973592773,"Other"
"481",2005,"ORD",0.893998639918395,0.011764,14.341447180755,"Other"
"482",2005,"ORF",0.758846657929227,0.000763,8.76597582037997,"Other"
"483",2005,"OTZ",0.923076923076923,4.55e-05,12.9642857142857,"Other"
"484",2005,"OXR",0.8984375,6.4e-05,-0.539130434782609,"Other"
"485",2005,"PBI",0.833252779120348,0.0010345,10.9860788863109,"Other"
"486",2005,"PDX",0.809262166405024,0.001911,8.53831231813773,"Other"
"487",2005,"PFN",0.75,9.8e-05,20.8979591836735,"Other"
"488",2005,"PHF",0.740343347639485,0.000233,16.1855072463768,"Other"
"489",2005,"PHL",0.831901424372598,0.004423,17.4863432531594,"Other"
"490",2005,"PHX",0.726519794599967,0.006037,11.4945280437757,"Other"
"491",2005,"PIA",0.861111111111111,0.000162,8.49820788530466,"Other"
"492",2005,"PIE",0.885714285714286,1.75e-05,4.03225806451613,"Other"
"493",2005,"PIH",0.916083916083916,7.15e-05,-0.648854961832061,"Other"
"494",2005,"PIT",0.863050483351235,0.001862,7.52022401991288,"Other"
"495",2005,"PNS",0.830930537352556,0.0003815,9.35015772870663,"Other"
"496",2005,"PSC",0.8828125,0.000128,-0.575221238938053,"Other"
"497",2005,"PSE",0.9,5e-06,-4.11111111111111,"Other"
"498",2005,"PSG",0.916666666666667,3e-05,23.4909090909091,"Other"
"499",2005,"PSP",0.889862327909887,0.0003995,7.18706047819972,"Other"
"500",2005,"PVD",0.674841053587648,0.001101,9.26985195154778,"Other"
"501",2005,"PWM",0.830104321907601,0.0003355,13.9443447037702,"Other"
"502",2005,"RAP",0.920863309352518,0.000139,3.6953125,"Other"
"503",2005,"RDD",0.902985074626866,6.7e-05,9.85123966942149,"Other"
"504",2005,"RDM",0.900414937759336,0.0001205,2.89861751152074,"Other"
"505",2005,"RDU",0.792321508756174,0.002227,10.5307452536129,"Other"
"506",2005,"RIC",0.851688693098385,0.000681,8.91120689655172,"Other"
"507",2005,"RNO",0.619119119119119,0.000999,14.9223928860146,"Other"
"508",2005,"ROA",0.696969696969697,0.0001155,15.4223602484472,"Other"
"509",2005,"ROC",0.858407079646018,0.000678,8.62886597938144,"Other"
"510",2005,"RST",0.837078651685393,8.9e-05,2.57046979865772,"Other"
"511",2005,"RSW",0.906738544474394,0.0009275,8.92508917954816,"Other"
"512",2005,"SAN",0.748380829015544,0.003088,7.96019039376893,"Other"
"513",2005,"SAT",0.640814867762688,0.001399,9.38538761851645,"Other"
"514",2005,"SAV",0.797741273100616,0.000487,9.53539253539254,"Other"
"515",2005,"SBA",0.91079295154185,0.000454,5.21644498186215,"Other"
"516",2005,"SBN",0.711340206185567,0.0001455,12.3719806763285,"Other"
"517",2005,"SBP",0.924281984334204,0.0001915,5.03954802259887,"Other"
"518",2005,"SCC",1,8.5e-06,5.58823529411765,"Other"
"519",2005,"SCE",0.71875,3.2e-05,2.26086956521739,"Other"
"520",2005,"SDF",0.68141592920354,0.0008475,11.6,"Other"
"521",2005,"SEA",0.853687867450561,0.003742,12.2333698544373,"Other"
"522",2005,"SFO",0.910208968219417,0.004594,8.80557216309937,"Other"
"523",2005,"SGF",0.904273504273504,0.0002925,8.42911153119093,"Other"
"524",2005,"SGU",0.90625,0.000112,1.80788177339901,"Other"
"525",2005,"SHV",0.812844036697248,0.0002725,6.46726862302483,"Other"
"526",2005,"SIT",0.970588235294118,5.1e-05,12.9191919191919,"Other"
"527",2005,"SJC",0.680009645526887,0.0020735,7.98936170212766,"Other"
"528",2005,"SJT",0.888888888888889,7.2e-05,-0.078125,"Other"
"529",2005,"SJU",0.93857634902411,0.000871,10.0917431192661,"Other"
"530",2005,"SLC",0.782384799786913,0.0056315,7.37414888788016,"Other"
"531",2005,"SMF",0.626136363636364,0.00176,11.9668784029038,"Other"
"532",2005,"SMX",0.929032258064516,7.75e-05,-1.04166666666667,"Other"
"533",2005,"SNA",0.813177159590044,0.0017075,6.77601728483975,"Other"
"534",2005,"SPI",1,1.05e-05,9.66666666666667,"Other"
"535",2005,"SPS",0.877659574468085,9.4e-05,2.72727272727273,"Other"
"536",2005,"SRQ",0.842010771992819,0.0002785,8.21108742004264,"Other"
"537",2005,"STL",0.709218305233195,0.0022835,10.4053720284038,"Other"
"538",2005,"STT",0.956521739130435,0.0001265,4.64462809917355,"Other"
"539",2005,"STX",0.838709677419355,1.55e-05,9.23076923076923,"Other"
"540",2005,"SUN",0.895652173913044,0.000115,3.39805825242718,"Other"
"541",2005,"SWF",0.850678733031674,0.0001105,6.18085106382979,"Other"
"542",2005,"SYR",0.899273104880582,0.0004815,8.09353348729792,"Other"
"543",2005,"TLH",0.796791443850267,0.000187,14.6845637583893,"Other"
"544",2005,"TOL",0.80672268907563,0.0001785,5.75694444444444,"Other"
"545",2005,"TPA",0.747349177330896,0.002735,11.4102250489237,"Other"
"546",2005,"TRI",0.675889328063241,0.0001265,15.1169590643275,"Other"
"547",2005,"TUL",0.662242866622429,0.0007535,10.8436873747495,"Other"
"548",2005,"TUP",0.578947368421053,1.9e-05,6.81818181818182,"Other"
"549",2005,"TUS",0.748591549295775,0.00071,8.72342427093133,"Other"
"550",2005,"TVC",0.902542372881356,0.000118,6.67136150234742,"Other"
"551",2005,"TWF",0.938650306748466,8.15e-05,11.3464052287582,"Other"
"552",2005,"TXK",0.923076923076923,5.2e-05,-2.1875,"Other"
"553",2005,"TYR",0.95850622406639,0.0001205,0.238095238095238,"Other"
"554",2005,"TYS",0.860169491525424,0.000472,7.90886699507389,"Other"
"555",2005,"VCT",0.852941176470588,1.7e-05,-2.6551724137931,"Other"
"556",2005,"VIS",0.885714285714286,1.75e-05,-1.2258064516129,"Other"
"557",2005,"VLD",0.622222222222222,4.5e-05,32.375,"Other"
"558",2005,"VPS",0.781385281385281,0.000231,10.2686980609418,"Other"
"559",2005,"WRG",0.92,2.5e-05,10.4782608695652,"Other"
"560",2005,"WYS",0.875,8e-06,0.928571428571429,"Other"
"561",2005,"XNA",0.776507276507276,0.000481,13.2556894243641,"Other"
"562",2005,"YAK",1,2.2e-05,-0.0909090909090909,"Other"
"563",2005,"YUM",0.938144329896907,4.85e-05,4.97802197802198,"Other"
"564",2006,"ABE",0.833333333333333,0.000177,8.85762711864407,"Other"
"565",2006,"ABI",0.917525773195876,9.7e-05,2.95505617977528,"Other"
"566",2006,"ABQ",0.830629204590423,0.0012635,8.36779418770843,"Other"
"567",2006,"ABY",0.632911392405063,3.95e-05,24.34,"Other"
"568",2006,"ACK",0.928571428571429,7e-06,3,"Other"
"569",2006,"ACT",0.922155688622755,8.35e-05,-0.149350649350649,"Other"
"570",2006,"ACV",0.911877394636015,0.0001305,15.2142857142857,"Other"
"571",2006,"ACY",0.741935483870968,3.1e-05,21.9347826086957,"Other"
"572",2006,"ADK",1,1.5e-06,24.6666666666667,"Other"
"573",2006,"ADQ",0.833333333333333,2.1e-05,1.74285714285714,"Other"
"574",2006,"AEX",0.790697674418605,8.6e-05,15.1838235294118,"Other"
"575",2006,"AGS",0.631901840490798,8.15e-05,23.1941747572816,"Other"
"576",2006,"AKN",0.8,1.25e-05,16.6,"Other"
"577",2006,"ALB",0.8642578125,0.000512,12.7141242937853,"Other"
"578",2006,"AMA",0.834170854271357,0.0002985,7.75903614457831,"Other"
"579",2006,"ANC",0.937721160651097,0.0007065,9.40981132075472,"Other"
"580",2006,"APF",0.5,2.4e-05,13.125,"Other"
"581",2006,"ASE",0.866412213740458,0.000131,10.9030837004405,"Other"
"582",2006,"ATL",0.846515710022819,0.0142425,16.3038609878489,"Other"
"583",2006,"ATW",0.742236024844721,0.000161,22.4393305439331,"Other"
"584",2006,"AUS",0.834901070385988,0.0015415,10.0951825951826,"Other"
"585",2006,"AVL",0.709677419354839,0.0001085,19.8506493506494,"Other"
"586",2006,"AVP",0.681564245810056,8.95e-05,19.3196721311475,"Other"
"587",2006,"AZO",0.845161290322581,0.000155,5.09541984732824,"Other"
"588",2006,"BDL",0.869257950530035,0.001132,9.51524390243902,"Other"
"589",2006,"BET",0.958333333333333,3.6e-05,6.82608695652174,"Other"
"590",2006,"BFL",0.847769028871391,0.0001905,9.76780185758514,"Other"
"591",2006,"BGM",0.785714285714286,2.1e-05,-1.66666666666667,"Other"
"592",2006,"BGR",0.859016393442623,0.0001525,12.118320610687,"Other"
"593",2006,"BHM",0.809384164222874,0.000682,11.5978260869565,"Other"
"594",2006,"BIL",0.896449704142012,0.000169,4.83498349834983,"Other"
"595",2006,"BIS",0.974358974358974,7.8e-05,2.29605263157895,"Other"
"596",2006,"BLI",1,1.15e-05,7.04347826086957,"Other"
"597",2006,"BMI",0.817910447761194,0.0001675,19.485401459854,"Other"
"598",2006,"BNA",0.819136522753792,0.0021425,11.8034188034188,"Other"
"599",2006,"BOI",0.866888519134775,0.000601,5.36180422264875,"Other"
"600",2006,"BOS",0.891220142027114,0.004647,12.2487021610528,"Other"
"601",2006,"BPT",0.741935483870968,1.55e-05,-0.521739130434783,"Other"
"602",2006,"BQK",0.625,2.8e-05,28.0857142857143,"Other"
"603",2006,"BQN",0.902173913043478,4.6e-05,0.204819277108434,"Other"
"604",2006,"BRO",0.939597315436242,7.45e-05,6.07857142857143,"Other"
"605",2006,"BRW",0.981818181818182,2.75e-05,8.57407407407407,"Other"
"606",2006,"BTM",0.903225806451613,3.1e-05,-0.982142857142857,"Other"
"607",2006,"BTR",0.872474747474748,0.000396,13.1794500723589,"Other"
"608",2006,"BTV",0.850860420650096,0.0002615,21.3393258426966,"Other"
"609",2006,"BUF",0.851162790697674,0.0009675,12.3989071038251,"Other"
"610",2006,"BUR",0.76612549363756,0.0011395,10.9375715922108,"Other"
"611",2006,"BWI",0.80639172523538,0.0037705,12.3617826015458,"Other"
"612",2006,"BZN",0.916417910447761,0.0001675,2.95439739413681,"Other"
"613",2006,"CAE",0.772200772200772,0.0003885,17.3166666666667,"Other"
"614",2006,"CAK",0.782106782106782,0.0003465,14.3560885608856,"Other"
"615",2006,"CDC",1,1.45e-05,-5.06896551724138,"Other"
"616",2006,"CDV",0.972222222222222,1.8e-05,7.65714285714286,"Other"
"617",2006,"CEC",0.92,3.75e-05,24.7101449275362,"Other"
"618",2006,"CHA",0.696078431372549,0.000153,5.51643192488263,"Other"
"619",2006,"CHO",0.739837398373984,6.15e-05,1.97802197802198,"Other"
"620",2006,"CHS",0.828735632183908,0.000435,12.8959778085992,"Other"
"621",2006,"CIC",0.932584269662921,4.45e-05,15.5903614457831,"Other"
"622",2006,"CID",0.878688524590164,0.000305,8.69216417910448,"Other"
"623",2006,"CLD",0.859459459459459,9.25e-05,6.72327044025157,"Other"
"624",2006,"CLE",0.916750587445451,0.002979,7.48205785426584,"Other"
"625",2006,"CLL",0.929203539823009,5.65e-05,2.12380952380952,"Other"
"626",2006,"CLT",0.854483513809466,0.0041095,12.4340025630073,"Other"
"627",2006,"CMH",0.84421906693712,0.0012325,12.1821239788563,"Other"
"628",2006,"CMI",0.874493927125506,0.0001235,9.79166666666667,"Other"
"629",2006,"COD",0.936842105263158,4.75e-05,-3.10112359550562,"Other"
"630",2006,"COS",0.889878542510121,0.0006175,9.82711555959964,"Other"
"631",2006,"CPR",0.922330097087379,0.000103,1.65263157894737,"Other"
"632",2006,"CRP",0.847790507364975,0.0003055,7.28378378378378,"Other"
"633",2006,"CRW",0.837735849056604,0.0001325,6.37387387387387,"Other"
"634",2006,"CSG",0.69,5e-05,19.9420289855072,"Other"
"635",2006,"CVG",0.696979865771812,0.00447,8.51388220189376,"Other"
"636",2006,"CWA",0.951807228915663,4.15e-05,20.3291139240506,"Other"
"637",2006,"DAB",0.921161825726141,0.0001205,15.5810810810811,"Other"
"638",2006,"DAL",0.709802832546515,0.0018005,11.3947574334898,"Other"
"639",2006,"DAY",0.89957264957265,0.000468,11.6009501187648,"Other"
"640",2006,"DBQ",0.920792079207921,5.05e-05,7.54838709677419,"Other"
"641",2006,"DCA",0.896483483026336,0.0032845,7.55476311767702,"Other"
"642",2006,"DEN",0.907966112025355,0.0082035,10.9536819493858,"Other"
"643",2006,"DFW",0.911997378645321,0.0106815,11.7169327105682,"Other"
"644",2006,"DHN",0.65625,6.4e-05,21.6190476190476,"Other"
"645",2006,"DLG",1,8e-06,18.1875,"Other"
"646",2006,"DLH",0.945205479452055,3.65e-05,1.21739130434783,"Other"
"647",2006,"DRO",0.902621722846442,0.0001335,6.11618257261411,"Other"
"648",2006,"DSM",0.868217054263566,0.0004515,10.3239795918367,"Other"
"649",2006,"DTW",0.906514621203568,0.0044285,10.9356084194794,"Other"
"650",2006,"EGE",0.943478260869565,0.000115,6.65898617511521,"Other"
"651",2006,"EKO",0.913793103448276,5.8e-05,-5.59433962264151,"Other"
"652",2006,"ELP",0.78740157480315,0.000762,8.3275,"Other"
"653",2006,"ERI",0.787878787878788,3.3e-05,-0.0576923076923077,"Other"
"654",2006,"EUG",0.864406779661017,0.0002065,6.69467787114846,"Other"
"655",2006,"EVV",0.850909090909091,0.0001375,9.45726495726496,"Other"
"656",2006,"EWR",0.910362136966655,0.005578,17.0621307601418,"Other"
"657",2006,"EYW",0.833333333333333,3.3e-05,21.9090909090909,"Other"
"658",2006,"FAI",0.945244956772334,0.0001735,1.60060975609756,"Other"
"659",2006,"FAR",0.967359050445104,0.0001685,9,"Other"
"660",2006,"FAT",0.892107892107892,0.0005005,8.1063829787234,"Other"
"661",2006,"FAY",0.738738738738739,5.55e-05,26.2560975609756,"Other"
"662",2006,"FCA",0.932584269662921,8.9e-05,10.8072289156626,"Other"
"663",2006,"FLG",0.76530612244898,4.9e-05,9.84,"Other"
"664",2006,"FLL",0.882648784576697,0.002386,10.363722697056,"Other"
"665",2006,"FLO",0.566666666666667,3e-05,20.8823529411765,"Other"
"666",2006,"FNT",0.859960552268245,0.0002535,9.13990825688073,"Other"
"667",2006,"FSD",0.905963302752294,0.000218,13.9316455696203,"Other"
"668",2006,"FSM",0.879699248120301,6.65e-05,5.27350427350427,"Other"
"669",2006,"FWA",0.909090909090909,0.0001815,16.2727272727273,"Other"
"670",2006,"GEG",0.834165834165834,0.0005005,5.67784431137725,"Other"
"671",2006,"GFK",0.963636363636364,2.75e-05,2.45283018867925,"Other"
"672",2006,"GGG",0.907894736842105,3.8e-05,8.01449275362319,"Other"
"673",2006,"GJT",0.867021276595745,0.000188,6.19018404907975,"Other"
"674",2006,"GNV",0.71875,6.4e-05,14.4021739130435,"Other"
"675",2006,"GPT",0.886710239651416,0.0002295,9.73955773955774,"Other"
"676",2006,"GRB",0.886792452830189,0.000265,9.86808510638298,"Other"
"677",2006,"GRK",0.917582417582418,0.000182,11.185628742515,"Other"
"678",2006,"GRR",0.89640035118525,0.0005695,5.84818805093046,"Other"
"679",2006,"GSO",0.783009211873081,0.0004885,13.0823529411765,"Other"
"680",2006,"GSP",0.836526181353768,0.0003915,13.363358778626,"Other"
"681",2006,"GST",0.8,5e-06,11.125,"Other"
"682",2006,"GTF",0.947154471544715,0.000123,-2.99141630901288,"Other"
"683",2006,"GTR",0.622641509433962,2.65e-05,15.2121212121212,"Other"
"684",2006,"GUC",0.930232558139535,4.3e-05,-0.7875,"Other"
"685",2006,"HDN",0.935294117647059,8.5e-05,7.85534591194969,"Other"
"686",2006,"HKY",1,5e-07,-9,"Other"
"687",2006,"HLN",0.956521739130435,5.75e-05,-1.00909090909091,"Other"
"688",2006,"HNL",0.922174329501916,0.002088,0.18852246169826,"Other"
"689",2006,"HOU",0.726086956521739,0.001955,15.8312786192321,"Other"
"690",2006,"HPN",0.806122448979592,0.000245,16.453164556962,"Other"
"691",2006,"HRL",0.76271186440678,0.0002065,7.4,"Other"
"692",2006,"HSV",0.877064220183486,0.0002725,9.75523012552301,"Other"
"693",2006,"HTS",0.730769230769231,2.6e-05,-5.34210526315789,"Other"
"694",2006,"IAD",0.841760856632957,0.003362,16.7595406360424,"Other"
"695",2006,"IAH",0.903091861505047,0.007827,11.6608898634788,"Other"
"696",2006,"ICT",0.857905982905983,0.000468,8.51556662515567,"Other"
"697",2006,"IDA",0.950276243093923,9.05e-05,-1.31395348837209,"Other"
"698",2006,"ILG",0.928571428571429,7e-06,49.2307692307692,"Other"
"699",2006,"ILM",0.762331838565022,0.0001115,16.4411764705882,"Other"
"700",2006,"IND",0.902990797546012,0.001304,7.26624203821656,"Other"
"701",2006,"IPL",0.963414634146341,4.1e-05,13.4050632911392,"Other"
"702",2006,"ISO",0.645833333333333,2.4e-05,38.3870967741936,"Other"
"703",2006,"ISP",0.681125439624854,0.0004265,12.92082616179,"Other"
"704",2006,"ITO",0.924710424710425,0.000259,-2.72442588726514,"Other"
"705",2006,"IYK",0.902777777777778,3.6e-05,-1.50769230769231,"Other"
"706",2006,"JAC",0.918518518518519,0.000135,5.5,"Other"
"707",2006,"JAN",0.831742243436754,0.000419,12.7690100430416,"Other"
"708",2006,"JAX",0.809821428571429,0.00112,9.40077177508269,"Other"
"709",2006,"JFK",0.881422408157929,0.0038245,14.3055473153367,"Other"
"710",2006,"JNU",0.942492012779553,0.0001565,11.5254237288136,"Other"
"711",2006,"KOA",0.926984126984127,0.0004725,1.13812785388128,"Other"
"712",2006,"KTN",0.921212121212121,8.25e-05,8.53947368421053,"Other"
"713",2006,"LAN",0.821192052980132,0.000151,9.17741935483871,"Other"
"714",2006,"LAS",0.860762454198176,0.0064135,13.3465265827371,"Other"
"715",2006,"LAW",0.94375,8e-05,1.07284768211921,"Other"
"716",2006,"LAX",0.87859347576106,0.0082615,9.07756423503479,"Other"
"717",2006,"LBB",0.816260162601626,0.0003075,9.00996015936255,"Other"
"718",2006,"LCH",0.961165048543689,5.15e-05,10.040404040404,"Other"
"719",2006,"LEX",0.850393700787402,0.0003175,9.07592592592593,"Other"
"720",2006,"LFT",0.888297872340426,0.000188,10.5898203592814,"Other"
"721",2006,"LGA",0.887727272727273,0.0044,13.1569380440348,"Other"
"722",2006,"LGB",0.922394678492239,0.000451,4.56490384615385,"Other"
"723",2006,"LIH",0.929533678756477,0.0004825,-2.24749163879599,"Other"
"724",2006,"LIT",0.829655781112092,0.0005665,10.731914893617,"Other"
"725",2006,"LNK",0.92,0.0001125,15.5942028985507,"Other"
"726",2006,"LRD",0.880681818181818,8.8e-05,9.14838709677419,"Other"
"727",2006,"LSE",0.908333333333333,6e-05,3.03669724770642,"Other"
"728",2006,"LWB",0.722222222222222,9e-06,9,"Other"
"729",2006,"LWS",0.982456140350877,2.85e-05,-1.53571428571429,"Other"
"730",2006,"LYH",0.717948717948718,3.9e-05,4.46428571428571,"Other"
"731",2006,"MAF",0.807958477508651,0.000289,10.4817987152034,"Other"
"732",2006,"MBS",0.912442396313364,0.0001085,11.530303030303,"Other"
"733",2006,"MCI",0.850452781371281,0.0019325,8.93306966839063,"Other"
"734",2006,"MCN",0.7,3.5e-05,1.46938775510204,"Other"
"735",2006,"MCO",0.868486060463475,0.0042505,10.4105377217933,"Other"
"736",2006,"MDT",0.802698145025295,0.0002965,11.1344537815126,"Other"
"737",2006,"MDW",0.793901912843377,0.0034765,17.0974637681159,"Other"
"738",2006,"MEI",0.584415584415584,3.85e-05,9.88888888888889,"Other"
"739",2006,"MEM",0.889359129383313,0.001654,9.40448674371176,"Other"
"740",2006,"MFE",0.934844192634561,0.0001765,9.96363636363636,"Other"
"741",2006,"MFR",0.909738717339667,0.0002105,11.733681462141,"Other"
"742",2006,"MGM",0.768518518518518,0.000108,21.6144578313253,"Other"
"743",2006,"MHT",0.806834030683403,0.000717,12.8107173725151,"Other"
"744",2006,"MIA",0.905422715627669,0.002342,12.6670596557416,"Other"
"745",2006,"MKE",0.925162050677666,0.0008485,7.33184713375796,"Other"
"746",2006,"MLB",0.872611464968153,7.85e-05,11.2919708029197,"Other"
"747",2006,"MLI",0.866071428571429,0.000224,14.7860824742268,"Other"
"748",2006,"MLU",0.808383233532934,8.35e-05,11.2592592592593,"Other"
"749",2006,"MOB",0.872448979591837,0.000196,9.23391812865497,"Other"
"750",2006,"MOD",0.901840490797546,8.15e-05,11.6802721088435,"Other"
"751",2006,"MOT",0.955223880597015,3.35e-05,-1.40625,"Other"
"752",2006,"MQT",0.9375,3.2e-05,14.8833333333333,"Other"
"753",2006,"MRY",0.891585760517799,0.000309,8.73139745916516,"Other"
"754",2006,"MSN",0.888531618435155,0.0004665,10.7901085645356,"Other"
"755",2006,"MSO",0.891156462585034,0.000147,2.5,"Other"
"756",2006,"MSP",0.920454545454545,0.0044,8.79061728395062,"Other"
"757",2006,"MSY",0.880195599022005,0.0010225,8.84222222222222,"MSY"
"758",2006,"MTJ",0.925465838509317,8.05e-05,3.0738255033557,"Other"
"759",2006,"MYR",0.808823529411765,0.000238,13.1506493506494,"Other"
"760",2006,"OAJ",0.5,2e-06,15,"Other"
"761",2006,"OAK",0.774476831091181,0.002676,11.1831121833534,"Other"
"762",2006,"OGG",0.91816009557945,0.000837,1.89720234222511,"Other"
"763",2006,"OKC",0.832778147901399,0.0007505,10.544,"Other"
"764",2006,"OMA",0.85077399380805,0.0008075,9.92430858806405,"Other"
"765",2006,"OME",0.896103896103896,3.85e-05,10.9710144927536,"Other"
"766",2006,"ONT",0.793944160440425,0.0012715,8.73155027241208,"Other"
"767",2006,"ORD",0.891454699147007,0.013013,19.2739537088919,"Other"
"768",2006,"ORF",0.846582984658299,0.000717,12.330313014827,"Other"
"769",2006,"OTZ",0.880434782608696,4.6e-05,14.4197530864198,"Other"
"770",2006,"OXR",0.919642857142857,5.6e-05,3.75728155339806,"Other"
"771",2006,"PBI",0.905503634475597,0.000963,9.96731651376147,"Other"
"772",2006,"PDX",0.880204528853177,0.0020535,6.83098201936376,"Other"
"773",2006,"PFN",0.686046511627907,8.6e-05,29.9152542372881,"Other"
"774",2006,"PHF",0.837974683544304,0.0001975,14.1691842900302,"Other"
"775",2006,"PHL",0.883252075372249,0.0037945,15.944950022378,"Other"
"776",2006,"PHX",0.799552513819426,0.007598,11.3869135802469,"Other"
"777",2006,"PIA",0.847352024922118,0.0001605,10.0919117647059,"Other"
"778",2006,"PIH",0.961538461538462,6.5e-05,-4.456,"Other"
"779",2006,"PIT",0.858490566037736,0.001643,10.8082240340305,"Other"
"780",2006,"PNS",0.880239520958084,0.000334,10.1003401360544,"Other"
"781",2006,"PSC",0.916666666666667,7.8e-05,0.818181818181818,"Other"
"782",2006,"PSE",0.916666666666667,1.8e-05,0.515151515151515,"Other"
"783",2006,"PSG",0.981132075471698,2.65e-05,7.76923076923077,"Other"
"784",2006,"PSP",0.911134903640257,0.000467,6.62632197414806,"Other"
"785",2006,"PVD",0.817039868924085,0.0009155,9.3322192513369,"Other"
"786",2006,"PWM",0.818348623853211,0.0002725,19.9304932735426,"Other"
"787",2006,"RAP",0.93491124260355,0.000169,8.72151898734177,"Other"
"788",2006,"RDD",0.896103896103896,7.7e-05,14.0942028985507,"Other"
"789",2006,"RDM",0.916083916083916,0.000143,5.58396946564886,"Other"
"790",2006,"RDU",0.868421052631579,0.002052,12.7039842873176,"Other"
"791",2006,"RFD",0.939393939393939,1.65e-05,1.58064516129032,"Other"
"792",2006,"RIC",0.860014892032762,0.0006715,13.2961038961039,"Other"
"793",2006,"RNO",0.817656332107199,0.0009515,10.6921593830334,"Other"
"794",2006,"ROA",0.745098039215686,0.000153,19.7894736842105,"Other"
"795",2006,"ROC",0.870491803278688,0.00061,14.9981167608286,"Other"
"796",2006,"RST",0.935643564356436,0.000101,10.957671957672,"Other"
"797",2006,"RSW",0.903703703703704,0.000945,9.2019906323185,"Other"
"798",2006,"SAN",0.863167615822687,0.0032485,7.2132667617689,"Other"
"799",2006,"SAT",0.819317798041202,0.0014805,8.12737015663644,"Other"
"800",2006,"SAV",0.81789802289282,0.0004805,13.1743002544529,"Other"
"801",2006,"SBA",0.873653281096964,0.0005105,6.52466367713004,"Other"
"802",2006,"SBN",0.824074074074074,5.4e-05,27.0224719101124,"Other"
"803",2006,"SBP",0.88715953307393,0.000257,9.15131578947368,"Other"
"804",2006,"SCC",0.972972972972973,1.85e-05,8.94444444444444,"Other"
"805",2006,"SCE",0.705882352941177,3.4e-05,2.41666666666667,"Other"
"806",2006,"SDF",0.835708927231808,0.0006665,12.5754039497307,"Other"
"807",2006,"SEA",0.903212958045672,0.003766,11.277818609437,"Other"
"808",2006,"SFO",0.924997298173565,0.0046265,11.9355064844024,"Other"
"809",2006,"SGF",0.898791540785498,0.000331,14.2638655462185,"Other"
"810",2006,"SGU",0.923076923076923,0.0001365,-0.30952380952381,"Other"
"811",2006,"SHV",0.829126213592233,0.0002575,9.90866510538642,"Other"
"812",2006,"SIT",0.982456140350877,5.7e-05,8.22321428571429,"Other"
"813",2006,"SJC",0.838961038961039,0.0021175,7.21531100478469,"Other"
"814",2006,"SJT",0.953125,6.4e-05,6.52459016393443,"Other"
"815",2006,"SJU",0.935731132075472,0.000848,6.74921235034657,"Other"
"816",2006,"SLC",0.876154319720911,0.004873,7.32134910411055,"Other"
"817",2006,"SMF",0.804308331170516,0.0019265,9.80348499515973,"Other"
"818",2006,"SMX",0.957627118644068,5.9e-05,5.3716814159292,"Other"
"819",2006,"SNA",0.868155815853991,0.0018355,7.1515531848133,"Other"
"820",2006,"SOP",0.818181818181818,5.5e-06,16.7777777777778,"Other"
"821",2006,"SPI",0.917355371900826,6.05e-05,10.3783783783784,"Other"
"822",2006,"SPS",0.901840490797546,8.15e-05,0.156462585034014,"Other"
"823",2006,"SRQ",0.874015748031496,0.000254,8.34009009009009,"Other"
"824",2006,"STL",0.846542261251372,0.0022775,10.2227697095436,"Other"
"825",2006,"STT",0.933014354066986,0.0001045,6.87692307692308,"Other"
"826",2006,"STX",0.96551724137931,1.45e-05,11.0357142857143,"Other"
"827",2006,"SUN",0.908629441624365,9.85e-05,-1.30167597765363,"Other"
"828",2006,"SWF",0.949367088607595,3.95e-05,21.5733333333333,"Other"
"829",2006,"SYR",0.892609699769053,0.000433,11.4036222509702,"Other"
"830",2006,"TEX",0.7,1e-05,3.14285714285714,"Other"
"831",2006,"TLH",0.877272727272727,0.00011,11.580310880829,"Other"
"832",2006,"TOL",0.866666666666667,0.00012,4.63461538461539,"Other"
"833",2006,"TPA",0.869507825759004,0.0026515,9.34374322272826,"Other"
"834",2006,"TRI",0.727272727272727,4.4e-05,18.75,"Other"
"835",2006,"TTN",0.75,2e-06,13.3333333333333,"Other"
"836",2006,"TUL",0.821660181582361,0.000771,11.0110497237569,"Other"
"837",2006,"TUP",0.755555555555556,2.25e-05,2.82352941176471,"Other"
"838",2006,"TUS",0.818893236444941,0.0008945,8.50443686006826,"Other"
"839",2006,"TVC",0.91304347826087,0.000138,19.5674603174603,"Other"
"840",2006,"TWF",0.941935483870968,7.75e-05,-1.76027397260274,"Other"
"841",2006,"TXK",0.932432432432432,3.7e-05,1.63768115942029,"Other"
"842",2006,"TYR",0.925925925925926,5.4e-05,3.74,"Other"
"843",2006,"TYS",0.861224489795918,0.0003675,11.3838862559242,"Other"
"844",2006,"VLD",0.685393258426966,4.45e-05,32.5737704918033,"Other"
"845",2006,"VPS",0.841379310344828,0.0002175,10.6803278688525,"Other"
"846",2006,"WRG",0.927272727272727,2.75e-05,10.078431372549,"Other"
"847",2006,"WYS",1,1.05e-05,-6.42857142857143,"Other"
"848",2006,"XNA",0.847583643122677,0.0004035,16.6359649122807,"Other"
"849",2006,"YAK",1,2.35e-05,-4.93617021276596,"Other"
"850",2006,"YUM",0.856459330143541,0.0001045,8.8659217877095,"Other"
"851",2007,"ABE",0.845360824742268,0.000194,10.4359756097561,"Other"
"852",2007,"ABI",0.898989898989899,9.9e-05,16.9775280898876,"Other"
"853",2007,"ABQ",0.916697657121607,0.0013445,9.26612576064909,"Other"
"854",2007,"ABY",0.705263157894737,4.75e-05,16.4776119402985,"Other"
"855",2007,"ACK",0.769230769230769,1.3e-05,60.8,"Other"
"856",2007,"ACT",0.881720430107527,9.3e-05,7.39634146341463,"Other"
"857",2007,"ACV",0.905138339920949,0.0001265,13.3842794759825,"Other"
"858",2007,"ACY",0.588235294117647,2.55e-05,38.2,"Other"
"859",2007,"ADK",0.8,2.5e-06,43.75,"Other"
"860",2007,"ADQ",0.958333333333333,2.4e-05,10.1304347826087,"Other"
"861",2007,"AEX",0.84037558685446,0.0001065,15.9329608938547,"Other"
"862",2007,"AGS",0.7625,8e-05,23.0245901639344,"Other"
"863",2007,"AKN",0.869565217391304,1.15e-05,23.3,"Other"
"864",2007,"ALB",0.882647943831494,0.0004985,10.6488636363636,"Other"
"865",2007,"ALO",0.88,1.25e-05,15.8636363636364,"Other"
"866",2007,"AMA",0.910020449897751,0.0002445,8.68988764044944,"Other"
"867",2007,"ANC",0.936470588235294,0.0006375,11.9388609715243,"Other"
"868",2007,"APF",0.615384615384615,2.6e-05,41.1875,"Other"
"869",2007,"ASE",0.855191256830601,0.000183,8.66773162939297,"Other"
"870",2007,"ATL",0.873602350917431,0.013952,16.3842146285433,"Other"
"871",2007,"ATW",0.778588807785888,0.0002055,12.171875,"Other"
"872",2007,"AUS",0.900398406374502,0.001757,7.51548672566372,"Other"
"873",2007,"AVL",0.847328244274809,0.000131,28.0135135135135,"Other"
"874",2007,"AVP",0.806451612903226,9.3e-05,11.24,"Other"
"875",2007,"AZO",0.883720930232558,0.000172,14.1052631578947,"Other"
"876",2007,"BDL",0.903052064631957,0.001114,11.0238568588469,"Other"
"877",2007,"BET",0.981818181818182,2.75e-05,1.98148148148148,"Other"
"878",2007,"BFL",0.902173913043478,0.000184,2.60843373493976,"Other"
"879",2007,"BGM",0.898305084745763,2.95e-05,7.0377358490566,"Other"
"880",2007,"BGR",0.888888888888889,0.000135,13.325,"Other"
"881",2007,"BHM",0.890062111801242,0.000805,10.9713886950454,"Other"
"882",2007,"BIL",0.925,0.00016,11.8581081081081,"Other"
"883",2007,"BIS",0.933673469387755,9.8e-05,7.50273224043716,"Other"
"884",2007,"BJI",0.6,2.5e-06,70.3333333333333,"Other"
"885",2007,"BLI",0.925,2e-05,7.54054054054054,"Other"
"886",2007,"BMI",0.866412213740458,0.000131,14.3392070484581,"Other"
"887",2007,"BNA",0.896922325354177,0.002047,12.9245642701525,"Other"
"888",2007,"BOI",0.913951545530493,0.0005985,7.8436928702011,"Other"
"889",2007,"BOS",0.883286972647195,0.004314,13.9548615667235,"Other"
"890",2007,"BPT",0.91304347826087,1.15e-05,-0.619047619047619,"Other"
"891",2007,"BQK",0.693333333333333,3.75e-05,12.4230769230769,"Other"
"892",2007,"BQN",0.929411764705882,4.25e-05,5.78481012658228,"Other"
"893",2007,"BRO",0.9375,6.4e-05,8.43333333333333,"Other"
"894",2007,"BRW",0.9,3e-05,17.5555555555556,"Other"
"895",2007,"BTM",0.945454545454545,2.75e-05,7.48076923076923,"Other"
"896",2007,"BTR",0.884785819793205,0.0003385,16.3439065108514,"Other"
"897",2007,"BTV",0.869731800766284,0.000261,15.4933920704846,"Other"
"898",2007,"BUF",0.887276785714286,0.000896,14.8496855345912,"Other"
"899",2007,"BUR",0.860280373831776,0.00107,9.1303639326453,"Other"
"900",2007,"BWI",0.895697167755991,0.003672,12.797354819094,"Other"
"901",2007,"BZN",0.936555891238671,0.0001655,6.55161290322581,"Other"
"902",2007,"CAE",0.828296703296703,0.000364,16.2388059701493,"Other"
"903",2007,"CAK",0.851485148514851,0.000303,11.4961240310078,"Other"
"904",2007,"CDV",0.906976744186046,2.15e-05,8.7948717948718,"Other"
"905",2007,"CEC",0.9375,3.2e-05,23.5,"Other"
"906",2007,"CHA",0.780918727915194,0.0001415,11.3800904977376,"Other"
"907",2007,"CHO",0.694444444444444,5.4e-05,22.6266666666667,"Other"
"908",2007,"CHS",0.83849765258216,0.0005325,14.9036954087346,"Other"
"909",2007,"CIC",0.905263157894737,4.75e-05,13.9883720930233,"Other"
"910",2007,"CID",0.880108991825613,0.000367,12.7879256965944,"Other"
"911",2007,"CLD",0.909604519774011,8.85e-05,3.44099378881988,"Other"
"912",2007,"CLE",0.917191375691662,0.0026205,9.45662575410859,"Other"
"913",2007,"CLL",0.910569105691057,6.15e-05,9.28571428571429,"Other"
"914",2007,"CLT",0.857910726805328,0.004279,16.4530100789975,"Other"
"915",2007,"CMH",0.886566008517228,0.0012915,11.7314410480349,"Other"
"916",2007,"CMI",0.93,1e-04,19.8172043010753,"Other"
"917",2007,"CMX",0.928571428571429,7e-06,36.5384615384615,"Other"
"918",2007,"COD",0.926829268292683,4.1e-05,11.6052631578947,"Other"
"919",2007,"COS",0.907627118644068,0.00059,10.0513538748833,"Other"
"920",2007,"CPR",0.939516129032258,0.000124,4.10300429184549,"Other"
"921",2007,"CRP",0.889352818371608,0.0002395,13.1713615023474,"Other"
"922",2007,"CRW",0.83587786259542,0.000131,14.7397260273973,"Other"
"923",2007,"CSG",0.763636363636364,5.5e-05,15.6785714285714,"Other"
"924",2007,"CVG",0.703723837999456,0.003679,14.2025878717652,"Other"
"925",2007,"CWA",0.938775510204082,4.9e-05,22.7173913043478,"Other"
"926",2007,"DAB",0.944223107569721,0.0001255,8.20675105485232,"Other"
"927",2007,"DAL",0.867012561441835,0.001831,14.2157480314961,"Other"
"928",2007,"DAY",0.902985074626866,0.000536,7.67355371900826,"Other"
"929",2007,"DBQ",0.877777777777778,4.5e-05,10.6835443037975,"Other"
"930",2007,"DCA",0.88739269483252,0.0029705,11.4958270106222,"Other"
"931",2007,"DEN",0.923996265172736,0.0080325,12.5266774454325,"Other"
"932",2007,"DFW",0.906464993929583,0.009884,15.5471845527094,"Other"
"933",2007,"DHN",0.70873786407767,5.15e-05,23.9178082191781,"Other"
"934",2007,"DLG",1,7e-06,20.7857142857143,"Other"
"935",2007,"DLH",0.843971631205674,7.05e-05,13.3193277310924,"Other"
"936",2007,"DRO",0.879518072289157,0.0001245,4.2648401826484,"Other"
"937",2007,"DSM",0.88658940397351,0.000604,12.1960784313725,"Other"
"938",2007,"DTW",0.912205387205387,0.00594,11.1940573959583,"Other"
"939",2007,"EAU",1,1.5e-06,-4.66666666666667,"Other"
"940",2007,"EGE",0.935344827586207,0.000116,11.9723502304147,"Other"
"941",2007,"EKO",0.933884297520661,6.05e-05,0.911504424778761,"Other"
"942",2007,"ELM",0.947916666666667,4.8e-05,-0.912087912087912,"Other"
"943",2007,"ELP",0.88895979578813,0.0007835,10.0179468772434,"Other"
"944",2007,"ERI",0.850574712643678,4.35e-05,11.1216216216216,"Other"
"945",2007,"EUG",0.923809523809524,0.00021,3.26288659793814,"Other"
"946",2007,"EVV",0.881443298969072,0.000194,17.1169590643275,"Other"
"947",2007,"EWN",0.878787878787879,1.65e-05,33.8620689655172,"Other"
"948",2007,"EWR",0.901024550550938,0.005173,20.7672173353358,"Other"
"949",2007,"EYW",0.854545454545454,2.75e-05,13.1276595744681,"Other"
"950",2007,"FAI",0.968115942028986,0.0001725,7.34730538922156,"Other"
"951",2007,"FAR",0.951219512195122,0.000164,7.61538461538461,"Other"
"952",2007,"FAT",0.904083570750237,0.0005265,6.64600840336134,"Other"
"953",2007,"FAY",0.723076923076923,6.5e-05,22.8617021276596,"Other"
"954",2007,"FCA",0.956937799043062,0.0001045,0.805,"Other"
"955",2007,"FLG",0.8,6.25e-05,9.42,"Other"
"956",2007,"FLL",0.928650565034345,0.0022565,11.3951324266285,"Other"
"957",2007,"FLO",0.558823529411765,1.7e-05,25.6315789473684,"Other"
"958",2007,"FNT",0.897163120567376,0.000282,8.24505928853755,"Other"
"959",2007,"FSD",0.902597402597403,0.000231,9.15827338129496,"Other"
"960",2007,"FSM",0.81437125748503,8.35e-05,17.9558823529412,"Other"
"961",2007,"FWA",0.880851063829787,0.000235,16.1183574879227,"Other"
"962",2007,"GEG",0.932604735883424,0.000549,5.31640625,"Other"
"963",2007,"GFK",0.922222222222222,4.5e-05,3.56626506024096,"Other"
"964",2007,"GGG",0.915492957746479,3.55e-05,3.56923076923077,"Other"
"965",2007,"GJT",0.844936708860759,0.000158,10.4606741573034,"Other"
"966",2007,"GNV",0.6,6e-05,24.5694444444444,"Other"
"967",2007,"GPT",0.929203539823009,0.000226,9.27619047619048,"Other"
"968",2007,"GRB",0.903162055335968,0.000253,11.7133479212254,"Other"
"969",2007,"GRK",0.885245901639344,0.0001525,13.7185185185185,"Other"
"970",2007,"GRR",0.89426523297491,0.000558,11.2865731462926,"Other"
"971",2007,"GSO",0.839250493096647,0.000507,14.566392479436,"Other"
"972",2007,"GSP",0.867549668874172,0.000453,8.48091603053435,"Other"
"973",2007,"GST",1,4e-06,26.5,"Other"
"974",2007,"GTF",0.977142857142857,8.75e-05,4.3625730994152,"Other"
"975",2007,"GTR",0.65625,3.2e-05,27.2142857142857,"Other"
"976",2007,"GUC",0.883495145631068,5.15e-05,3.16483516483516,"Other"
"977",2007,"HDN",0.922680412371134,9.7e-05,13.9553072625698,"Other"
"978",2007,"HHH",0.730769230769231,3.9e-05,17.0526315789474,"Other"
"979",2007,"HLN",0.961832061068702,6.55e-05,0.452380952380952,"Other"
"980",2007,"HNL",0.902156993551256,0.0022485,1.24747350258812,"Other"
"981",2007,"HOU",0.8895754970446,0.001861,13.8948958018725,"Other"
"982",2007,"HPN",0.852286049237984,0.0004265,15.4759284731774,"Other"
"983",2007,"HRL",0.843558282208589,0.000163,14.0181818181818,"Other"
"984",2007,"HSV",0.86144578313253,0.000332,10.2587412587413,"Other"
"985",2007,"HTS",0.714285714285714,7e-06,0.9,"Other"
"986",2007,"IAD",0.883717184731841,0.0031045,15.9154364862402,"Other"
"987",2007,"IAH",0.909447943682846,0.0067475,11.6429560824574,"Other"
"988",2007,"ICT",0.885660731021556,0.0005335,9.32169312169312,"Other"
"989",2007,"IDA",0.959090909090909,0.00011,3.02843601895735,"Other"
"990",2007,"ILG",0.75,8e-06,14.5,"Other"
"991",2007,"ILM",0.792156862745098,0.0001275,14.9257425742574,"Other"
"992",2007,"IND",0.922814207650273,0.001464,9.50148038490007,"Other"
"993",2007,"INL",0.916666666666667,6e-06,13.7272727272727,"Other"
"994",2007,"IPL",0.957446808510638,4.7e-05,3.5,"Other"
"995",2007,"ISP",0.861431870669746,0.000433,11.887399463807,"Other"
"996",2007,"ITO",0.916271721958926,0.0003165,-3.46551724137931,"Other"
"997",2007,"IYK",0.95,3e-05,-2,"Other"
"998",2007,"JAC",0.9125,0.00012,11.5433789954338,"Other"
"999",2007,"JAN",0.884488448844885,0.0004545,9.92661691542289,"Other"
"1000",2007,"JAX",0.884868421052632,0.001216,12.2281598513011,"Other"
"1001",2007,"JFK",0.875057736720554,0.00433,19.9053840063341,"Other"
"1002",2007,"JNU",0.938709677419355,0.000155,14.0652920962199,"Other"
"1003",2007,"KOA",0.904096834264432,0.000537,0.559217301750772,"Other"
"1004",2007,"KTN",0.939393939393939,8.25e-05,6.65806451612903,"Other"
"1005",2007,"LAN",0.865979381443299,0.0001455,9.82142857142857,"Other"
"1006",2007,"LAS",0.913191627454162,0.006163,12.2935323383085,"Other"
"1007",2007,"LAW",0.909677419354839,7.75e-05,15.2836879432624,"Other"
"1008",2007,"LAX",0.910389124469943,0.008018,9.74710596616207,"Other"
"1009",2007,"LBB",0.886477462437396,0.0002995,12.316384180791,"Other"
"1010",2007,"LCH",0.929411764705882,4.25e-05,14.0126582278481,"Other"
"1011",2007,"LEX",0.830409356725146,0.000342,8.13732394366197,"Other"
"1012",2007,"LFT",0.870619946091644,0.0001855,7.47987616099071,"Other"
"1013",2007,"LGA",0.864491083343443,0.0041215,14.3230423800168,"Other"
"1014",2007,"LGB",0.910031023784902,0.0004835,5.31931818181818,"Other"
"1015",2007,"LIH",0.924038461538462,0.00052,-1.81789802289282,"Other"
"1016",2007,"LIT",0.895907473309609,0.000562,12.0059582919563,"Other"
"1017",2007,"LNK",0.928838951310861,0.0001335,14.5967741935484,"Other"
"1018",2007,"LRD",0.894444444444444,9e-05,14.6645962732919,"Other"
"1019",2007,"LSE",0.939890710382514,9.15e-05,12.1860465116279,"Other"
"1020",2007,"LWB",0.8125,8e-06,3,"Other"
"1021",2007,"LWS",0.923076923076923,1.95e-05,-0.722222222222222,"Other"
"1022",2007,"LYH",0.775862068965517,2.9e-05,24.5555555555556,"Other"
"1023",2007,"MAF",0.89980732177264,0.0002595,11.5503211991435,"Other"
"1024",2007,"MBS",0.91063829787234,0.0001175,12.588785046729,"Other"
"1025",2007,"MCI",0.915945886005766,0.0022545,10.6503631961259,"Other"
"1026",2007,"MCN",0.652777777777778,3.6e-05,28.4255319148936,"Other"
"1027",2007,"MCO",0.920191540303272,0.0043855,11.6247057365878,"Other"
"1028",2007,"MDT",0.814360770577933,0.0002855,17.258064516129,"Other"
"1029",2007,"MDW",0.894126738794436,0.003235,14.8084701815039,"Other"
"1030",2007,"MEI",0.684210526315789,2.85e-05,9.56410256410256,"Other"
"1031",2007,"MEM",0.910851360781577,0.002866,9.39187895039264,"Other"
"1032",2007,"MFE",0.919732441471572,0.0001495,6.35272727272727,"Other"
"1033",2007,"MFR",0.868292682926829,0.000205,5.43258426966292,"Other"
"1034",2007,"MGM",0.805054151624549,0.0001385,13.4663677130045,"Other"
"1035",2007,"MHT",0.897627118644068,0.0007375,13.6812688821752,"Other"
"1036",2007,"MIA",0.913452708907254,0.002178,17.0474993717014,"Other"
"1037",2007,"MKE",0.907643312101911,0.000942,12.7976608187134,"Other"
"1038",2007,"MLB",0.932773109243697,5.95e-05,14.9279279279279,"Other"
"1039",2007,"MLI",0.8912,0.0003125,9.4721723518851,"Other"
"1040",2007,"MLU",0.826732673267327,0.000101,15.3413173652695,"Other"
"1041",2007,"MOB",0.909756097560976,0.000205,11.4155495978552,"Other"
"1042",2007,"MOD",0.907608695652174,9.2e-05,11.4730538922156,"Other"
"1043",2007,"MOT",0.928571428571429,3.5e-05,1.41538461538462,"Other"
"1044",2007,"MQT",0.918032786885246,3.05e-05,10.6785714285714,"Other"
"1045",2007,"MRY",0.904290429042904,0.000303,4.02554744525547,"Other"
"1046",2007,"MSN",0.917502787068004,0.0004485,13.3013365735115,"Other"
"1047",2007,"MSO",0.920318725099602,0.0001255,6.85714285714286,"Other"
"1048",2007,"MSP",0.918377226955848,0.005164,10.2848708487085,"Other"
"1049",2007,"MSY",0.923107255520505,0.001268,9.05724049551474,"MSY"
"1050",2007,"MTH",0.818181818181818,5.5e-06,6.11111111111111,"Other"
"1051",2007,"MTJ",0.93956043956044,9.1e-05,13.9649122807018,"Other"
"1052",2007,"MYR",0.832229580573951,0.0002265,20.106100795756,"Other"
"1053",2007,"OAJ",0.787878787878788,3.3e-05,25.9423076923077,"Other"
"1054",2007,"OAK",0.877684964200477,0.002514,9.69567187854068,"Other"
"1055",2007,"OGG",0.916178194607268,0.000853,1.00895713371721,"Other"
"1056",2007,"OKC",0.89366391184573,0.0009075,11.1800246609125,"Other"
"1057",2007,"OMA",0.904053360697794,0.0009745,12.0925085130533,"Other"
"1058",2007,"OME",0.91304347826087,3.45e-05,12.3333333333333,"Other"
"1059",2007,"ONT",0.878731343283582,0.00134,7.45010615711253,"Other"
"1060",2007,"ORD",0.893310449429233,0.012527,19.8970555381797,"Other"
"1061",2007,"ORF",0.861741038771031,0.0006835,12.3387096774194,"Other"
"1062",2007,"OTZ",0.951612903225806,3.1e-05,9.91525423728813,"Other"
"1063",2007,"OXR",0.913978494623656,4.65e-05,2.11764705882353,"Other"
"1064",2007,"PBI",0.93254376930999,0.000971,10.6029817780232,"Other"
"1065",2007,"PDX",0.924498828430096,0.0019205,7.46015206983948,"Other"
"1066",2007,"PFN",0.773755656108597,0.0001105,23.4561403508772,"Other"
"1067",2007,"PHF",0.914666666666667,0.0001875,5.98542274052478,"Other"
"1068",2007,"PHL",0.907563025210084,0.0035105,18.6751412429379,"Other"
"1069",2007,"PHX",0.861463832215723,0.007009,12.5612785690626,"Other"
"1070",2007,"PIA",0.837278106508876,0.000169,11.2508833922261,"Other"
"1071",2007,"PIH",0.953125,6.4e-05,-5.87704918032787,"Other"
"1072",2007,"PIR",1,5e-07,19,"Other"
"1073",2007,"PIT",0.901857585139319,0.001615,13.6615173360796,"Other"
"1074",2007,"PLN",0.942857142857143,1.75e-05,30.030303030303,"Other"
"1075",2007,"PMD",0.884615384615385,1.3e-05,9.8695652173913,"Other"
"1076",2007,"PNS",0.880952380952381,0.000336,10.5591216216216,"Other"
"1077",2007,"PSC",0.907608695652174,9.2e-05,3.24550898203593,"Other"
"1078",2007,"PSE",0.95,4e-05,-1.88157894736842,"Other"
"1079",2007,"PSG",0.86046511627907,2.15e-05,2.81081081081081,"Other"
"1080",2007,"PSP",0.908558030480657,0.0004265,6.36516129032258,"Other"
"1081",2007,"PVD",0.883254716981132,0.000848,14.9606141522029,"Other"
"1082",2007,"PWM",0.825602968460111,0.0002695,19.7078651685393,"Other"
"1083",2007,"RAP",0.930835734870317,0.0001735,10.8792569659443,"Other"
"1084",2007,"RDD",0.939655172413793,5.8e-05,3.59633027522936,"Other"
"1085",2007,"RDM",0.942028985507246,0.000138,6.60769230769231,"Other"
"1086",2007,"RDU",0.901960784313726,0.002244,12.4622035573123,"Other"
"1087",2007,"RFD",0.931818181818182,2.2e-05,-4.17073170731707,"Other"
"1088",2007,"RHI",0.928571428571429,7e-06,16.3076923076923,"Other"
"1089",2007,"RIC",0.879608728367193,0.0006645,14.2429426860565,"Other"
"1090",2007,"RNO",0.890486725663717,0.000904,8.41180124223603,"Other"
"1091",2007,"ROA",0.808270676691729,0.000133,19.6139534883721,"Other"
"1092",2007,"ROC",0.874581939799331,0.000598,16.0879541108987,"Other"
"1093",2007,"ROW",0.7,5e-06,13,"Other"
"1094",2007,"RST",0.881944444444444,0.000144,12.3543307086614,"Other"
"1095",2007,"RSW",0.947854426941879,0.0009205,10.3037249283668,"Other"
"1096",2007,"SAN",0.918002466091245,0.003244,8.06900604432505,"Other"
"1097",2007,"SAT",0.892545982575024,0.0015495,9.0173535791757,"Other"
"1098",2007,"SAV",0.819314641744548,0.0004815,10.0874524714829,"Other"
"1099",2007,"SBA",0.908057851239669,0.000484,4.02389078498294,"Other"
"1100",2007,"SBN",0.851948051948052,0.0001925,24.2286585365854,"Other"
"1101",2007,"SBP",0.878787878787879,0.000231,5.51724137931035,"Other"
"1102",2007,"SCC",0.891304347826087,2.3e-05,24.1707317073171,"Other"
"1103",2007,"SCE",0.775,2e-05,10.9032258064516,"Other"
"1104",2007,"SDF",0.900629811056683,0.0007145,12.2214452214452,"Other"
"1105",2007,"SEA",0.922005947553393,0.003699,12.2386746811318,"Other"
"1106",2007,"SFO",0.929415488499683,0.004739,12.406743103644,"Other"
"1107",2007,"SGF",0.878666666666667,0.000375,19.1836115326252,"Other"
"1108",2007,"SGU",0.952755905511811,0.000127,4.01239669421488,"Other"
"1109",2007,"SHV",0.879421221864952,0.000311,13.4259597806216,"Other"
"1110",2007,"SIT",0.978021978021978,4.55e-05,23.6966292134831,"Other"
"1111",2007,"SJC",0.899665551839465,0.002093,7.00371747211896,"Other"
"1112",2007,"SJT",0.912698412698413,6.3e-05,8.52173913043478,"Other"
"1113",2007,"SJU",0.93320488118176,0.0007785,12.2890571231934,"Other"
"1114",2007,"SLC",0.918563480020233,0.0049425,7.32026431718062,"Other"
"1115",2007,"SLE",0.966666666666667,1.5e-05,0.689655172413793,"Other"
"1116",2007,"SMF",0.890825217837007,0.001951,8.97151898734177,"Other"
"1117",2007,"SMX",0.961538461538462,5.2e-05,1.81,"Other"
"1118",2007,"SNA",0.913329676357652,0.001823,8.34714714714715,"Other"
"1119",2007,"SOP",0.875,8e-06,46.4285714285714,"Other"
"1120",2007,"SPI",0.868131868131868,4.55e-05,13.0632911392405,"Other"
"1121",2007,"SPS",0.928104575163399,7.65e-05,8.85211267605634,"Other"
"1122",2007,"SRQ",0.915742793791574,0.0002255,7.51089588377724,"Other"
"1123",2007,"STL",0.904439936894298,0.0022185,10.8317966608522,"Other"
"1124",2007,"STT",0.941441441441441,0.000111,8.87081339712919,"Other"
"1125",2007,"STX",0.966666666666667,1.5e-05,14.4137931034483,"Other"
"1126",2007,"SUN",0.893939393939394,9.9e-05,0.0903954802259887,"Other"
"1127",2007,"SUX",0.837837837837838,1.85e-05,33.2258064516129,"Other"
"1128",2007,"SWF",0.895261845386534,0.0002005,8.02506963788301,"Other"
"1129",2007,"SYR",0.887043189368771,0.0004515,16.8476903870162,"Other"
"1130",2007,"TEX",0.714285714285714,7e-06,11,"Other"
"1131",2007,"TLH",0.88086642599278,0.0001385,15.3852459016393,"Other"
"1132",2007,"TOL",0.863945578231292,7.35e-05,20.3385826771654,"Other"
"1133",2007,"TPA",0.924743230625584,0.0026775,9.9388126009693,"Other"
"1134",2007,"TRI",0.736842105263158,3.8e-05,25.9285714285714,"Other"
"1135",2007,"TTN",0.69047619047619,2.1e-05,11.0689655172414,"Other"
"1136",2007,"TUL",0.880192655027092,0.0008305,10.2544459644323,"Other"
"1137",2007,"TUP",0.818181818181818,1.65e-05,5.11111111111111,"Other"
"1138",2007,"TUS",0.892060197197717,0.0009635,6.58813263525305,"Other"
"1139",2007,"TVC",0.927536231884058,0.000138,7.0234375,"Other"
"1140",2007,"TWF",0.96551724137931,7.25e-05,2.66428571428571,"Other"
"1141",2007,"TXK",0.84375,3.2e-05,5.11111111111111,"Other"
"1142",2007,"TYR",0.946808510638298,4.7e-05,20.3932584269663,"Other"
"1143",2007,"TYS",0.891540130151844,0.000461,8.74695863746959,"Other"
"1144",2007,"VLD",0.73015873015873,3.15e-05,19.8913043478261,"Other"
"1145",2007,"VPS",0.888655462184874,0.000238,14.0496453900709,"Other"
"1146",2007,"WRG",0.928571428571429,2.1e-05,7.61538461538461,"Other"
"1147",2007,"WYS",1,1.05e-05,1.14285714285714,"Other"
"1148",2007,"XNA",0.8801261829653,0.0004755,16.7813620071685,"Other"
"1149",2007,"YAK",0.963636363636364,2.75e-05,5.0188679245283,"Other"
"1150",2007,"YKM",1,1.9e-05,2.5,"Other"
"1151",2007,"YUM",0.864864864864865,0.0001295,6.08035714285714,"Other"
